market,decision_ts,cycle_id,decision_type,entry_eur,stop_eur,tp1_eur,stake_eur,signal_score,source_runtime_sha,plan_source,actual_mark_sent_ts,reason,signal_price_eur,signal_phase,episode_extension_pct,context,evaluations,tp2_eur,structural_range_15m_pct,stop_distance_pct
DRIFT-EUR,1789946489.960957,2026-09-20T23:18:58.040543+00:00,BUY_SENT,,,,,9.134,b50d1f4f2a1786df557b1985eb2a237a7950bbac,exact_delivery_commit_alert_state,1789946494.3495822,,,,,,,,,
LUNA2-EUR,1789946597.114744,2026-09-20T23:22:02.078497+00:00,BUY_SENT,,,,,8.476,ac17a61a14318a8ca5ee83947ed5574b9e57d882,exact_delivery_commit_alert_state,1789946601.6263535,,,,,,,,,
KMNO-EUR,1789948042.141843,2026-09-20T23:46:05.408287+00:00,BUY_SENT,,,,,7.078,2855edfaa6ae810f0128850618fefa854adf5dd6,exact_delivery_commit_alert_state,1789948045.3883615,,,,,,,,,
STX-EUR,1789948829.036686,2026-09-20T23:59:14.970213+00:00,BUY_SENT,0.29275,0.28147,0.31531,,7.341,25d1f53e8e4ce806baba704ba1b03b9a3931e434,exact_delivery_commit_alert_state,1789948831.7281382,,,,,,,,,
SUI-EUR,1789950538.593462,2026-09-21T00:27:38.758924+00:00,BUY_SENT,0.81961,0.76828,0.92226,,8.174,03fa4d3933312e85fd70d2b8310d7b8a037d66c4,exact_delivery_commit_alert_state,1789950543.751745,,,,,,,,,
LDO-EUR,1789951875.289104,2026-09-21T00:50:01.668723+00:00,BUY_SENT,0.38362,0.36472,0.42142,,8.945,6362f1022dc68d97c706afc55c261e33827d8d69,exact_delivery_commit_alert_state,1789951877.5438879,,,,,,,,,
MORPHO-EUR,1789952735.816577,2026-09-21T01:04:21.087857+00:00,BUY_SENT,2.43888,2.33865,2.63934,,6.672,6b55f1db52a55d83f23ce82b1558533afdb72478,exact_delivery_commit_alert_state,1789952738.432788,,,,,,,,,
VVV-EUR,1789953847.495398,2026-09-21T01:22:53.383371+00:00,BUY_SENT,27.0683,24.9591,31.2867,,8.369,130e11a4a143757232547bda7fff4e9208d7b1c1,exact_delivery_commit_alert_state,1789953851.6704879,,,,,,,,,
XPL-EUR,1789954894.378826,2026-09-21T01:40:19.246425+00:00,BUY_SENT,0.082007,0.077131,0.091758,,7.057,eda1c0807d7a2e863a5d1ed8ba8a4b465fc5bfb9,exact_delivery_commit_alert_state,1789954898.3728912,,,,,,,,,
KMNO-EUR,1789959153.329673,2026-09-21T02:51:18.113093+00:00,BUY_SENT,0.029925,0.02822,0.033335,,7.441,f604813a95936143bb4aca5e8ef259cc0b7a33fb,exact_delivery_commit_alert_state,1789959156.4744973,,,,,,,,,
G-EUR,1789961390.434471,2026-09-21T03:28:35.947639+00:00,BUY_SENT,0.0062212,0.0057262,0.0072111,,7.069,8f26ae02c248cac702398fc773e8326633a2ae89,exact_delivery_commit_alert_state,1789961393.1654365,,,,,,,,,
USELESS-EUR,1789962512.214516,2026-09-21T03:47:17.290061+00:00,BUY_SENT,0.219354,0.20368,0.250702,,9.209,1ac8e00a7bb58fb430fb36855aafc5144de01726,exact_delivery_commit_alert_state,1789962514.4803498,,,,,,,,,
TAIKO-EUR,1789963289.942051,2026-09-21T04:00:15.458582+00:00,BUY_SENT,0.0774,0.0736,0.08499,,6.933,6382c62dba460ecb9c8067e89f4fe3ca49e6307c,exact_delivery_commit_alert_state,1789963293.1897552,,,,,,,,,
AVAX-EUR,1789965794.320703,2026-09-21T04:41:59.372024+00:00,BUY_SENT,10.027,9.5882,10.9045,,7.727,5cd1418a80f442d67ae5283a9f9f515e9310f950,exact_delivery_commit_alert_state,1789965799.1634383,,,,,,,,,
NIL-EUR,1789969009.224106,2026-09-21T05:35:35.366436+00:00,BUY_SENT,0.057231,0.052465,0.066762,,7.771,092155497c41a25c495d38b853e6a3c4680e05ba,exact_delivery_commit_alert_state,1789969012.284636,,,,,,,,,
ZAMA-EUR,1789969988.711854,2026-09-21T05:51:54.796720+00:00,BUY_SENT,0.081842,0.074958,0.09561,,7.769,eee357feb185f22632753da8e414068e38912f59,exact_delivery_commit_alert_state,1789969991.3149023,,,,,,,,,
EGLD-EUR,1789971266.302649,2026-09-21T06:13:11.536159+00:00,BUY_SENT,3.6903,3.5141,4.0427,,7.566,258f5686f036fa0b16573557b94ff0c4c247ffea,exact_delivery_commit_alert_state,1789971272.1361165,,,,,,,,,
APT-EUR,1789972911.299971,2026-09-21T06:40:35.522676+00:00,BUY_SENT,0.6695,0.6379,0.7326,,8.199,8dcb662d648443dc85e24aec0bde94283aedc2b6,exact_delivery_commit_alert_state,1789972914.2207336,,,,,,,,,
PHA-EUR,1789975407.113631,2026-09-21T07:22:11.350514+00:00,BUY_SENT,0.036527,0.033484,0.042612,,7.686,2f11aab606c3d87506299ce0618f6f8c9f4079ac,exact_delivery_commit_alert_state,1789975409.976164,,,,,,,,,
DRIFT-EUR,1789982155.78886,2026-09-21T09:14:41.848692+00:00,BUY_SENT,0.015558,0.014316,0.018042,,7.835,e12fad2b6f62099c65e588876767cdbba307e96d,exact_delivery_commit_alert_state,1789982159.8316298,,,,,,,,,
BONK-EUR,1789983270.769419,2026-09-21T09:33:16.622360+00:00,BUY_SENT,2.8797e-06,2.6269e-06,3.3853e-06,127.01145210210001,9.946,11c4364d42d8e7692cc2b17c9a3ff49fa50e9415,,,,,,,,,,,
KMNO-EUR,1789984228.328058,2026-09-21T09:49:12.531575+00:00,BUY_SENT,0.030916,0.028836,0.035075,162.06666981192646,7.196,,,,DELIVERED,0.030912,,,"{""mode"": ""SHADOW_NON_VETO"", ""regime"": ""BROAD_RISK_ON"", ""market_return_1h_pct"": 1.8405, ""market_return_4h_pct"": 4.4633, ""relative_strength_1h_pp"": 0.5945, ""relative_strength_4h_pp"": 1.8298, ""breadth_positive_1h_pct"": 89.67, ""breadth_positive_4h_pct"": 92.25, ""benchmarks"": {""BTC-EUR"": {""return_1h_pct"": 1.8382, ""return_4h_pct"": 4.1537}, ""ETH-EUR"": {""return_1h_pct"": 1.5497, ""return_4h_pct"": 2.7532}, ""SOL-EUR"": {""return_1h_pct"": 0.6085, ""return_4h_pct"": 3.8637}}, ""affects_buy_gate"": false}","{""4"": {""horizon_hours"": 4, ""result"": ""OPEN"", ""mfe_pct"": 4.8939, ""mae_pct"": -2.6815, ""close_return_pct"": -1.6205, ""bars_used"": 48, ""method"": ""closed_5m_bars_after_decision_bar""}, ""12"": {""horizon_hours"": 12, ""result"": ""OPEN"", ""mfe_pct"": 4.8939, ""mae_pct"": -5.0815, ""close_return_pct"": -1.6205, ""bars_used"": 135, ""method"": ""closed_5m_bars_after_decision_bar""}, ""24"": {""horizon_hours"": 24, ""result"": ""STOP"", ""mfe_pct"": 4.8939, ""mae_pct"": -8.2029, ""close_return_pct"": -1.6205, ""bars_used"": 239, ""method"": ""closed_5m_bars_after_decision_bar""}}",0.037155,7.33179250128402,6.727907879415184
TREAD-EUR,1789985099.447374,2026-09-21T10:03:45.703325+00:00,BUY_SENT,0.38501,0.36549,0.42405,208.61390310220003,7.175,,,,DELIVERED,0.38501,,,"{""mode"": ""SHADOW_NON_VETO"", ""regime"": ""BROAD_RISK_ON"", ""market_return_1h_pct"": -0.9977, ""market_return_4h_pct"": -7.5606, ""relative_strength_1h_pp"": -1.2778, ""relative_strength_4h_pp"": -9.7415, ""breadth_positive_1h_pct"": 59.62, ""breadth_positive_4h_pct"": 91.78, ""benchmarks"": {""BTC-EUR"": {""return_1h_pct"": 1.0595, ""return_4h_pct"": 3.7457}, ""ETH-EUR"": {""return_1h_pct"": 0.8894, ""return_4h_pct"": 2.0223}, ""SOL-EUR"": {""return_1h_pct"": 0.5176, ""return_4h_pct"": 3.6468}}, ""affects_buy_gate"": false}","{""4"": {""horizon_hours"": 4, ""result"": ""TP1"", ""mfe_pct"": 12.1789, ""mae_pct"": -0.0026, ""close_return_pct"": 0.426, ""bars_used"": 43, ""method"": ""closed_5m_bars_after_decision_bar""}, ""12"": {""horizon_hours"": 12, ""result"": ""TP1"", ""mfe_pct"": 14.2827, ""mae_pct"": -0.0026, ""close_return_pct"": 0.426, ""bars_used"": 118, ""method"": ""closed_5m_bars_after_decision_bar""}, ""24"": {""horizon_hours"": 24, ""result"": ""TP1"", ""mfe_pct"": 21.654, ""mae_pct"": -2.1636, ""close_return_pct"": 0.426, ""bars_used"": 203, ""method"": ""closed_5m_bars_after_decision_bar""}}",0.44357,10.646476714890529,5.069998181865416
ARB-EUR,1789988147.244241,2026-09-21T10:54:32.906851+00:00,BUY_SENT,0.20236,0.187,0.23308,145.2104796091972,8.492,,,,DELIVERED,0.20171,,,"{""mode"": ""SHADOW_NON_VETO"", ""regime"": ""BROAD_RISK_ON"", ""market_return_1h_pct"": 5.403, ""market_return_4h_pct"": 9.2357, ""relative_strength_1h_pp"": 5.5921, ""relative_strength_4h_pp"": 7.1111, ""breadth_positive_1h_pct"": 38.5, ""breadth_positive_4h_pct"": 90.14, ""benchmarks"": {""BTC-EUR"": {""return_1h_pct"": -0.9491, ""return_4h_pct"": 3.4765}, ""ETH-EUR"": {""return_1h_pct"": -1.0153, ""return_4h_pct"": 2.2311}, ""SOL-EUR"": {""return_1h_pct"": -0.4263, ""return_4h_pct"": 3.8424}}, ""affects_buy_gate"": false}","{""4"": {""horizon_hours"": 4, ""result"": ""OPEN"", ""mfe_pct"": 7.1852, ""mae_pct"": -2.8464, ""close_return_pct"": 1.2552, ""bars_used"": 48, ""method"": ""closed_5m_bars_after_decision_bar""}, ""12"": {""horizon_hours"": 12, ""result"": ""OPEN"", ""mfe_pct"": 7.1852, ""mae_pct"": -4.8972, ""close_return_pct"": 1.2552, ""bars_used"": 141, ""method"": ""closed_5m_bars_after_decision_bar""}, ""24"": {""horizon_hours"": 24, ""result"": ""OPEN"", ""mfe_pct"": 7.1852, ""mae_pct"": -7.2544, ""close_return_pct"": 1.2552, ""bars_used"": 276, ""method"": ""closed_5m_bars_after_decision_bar""}}",0.24844,7.282844199330311,7.59043289187587
G-EUR,1789990484.104091,2026-09-21T11:33:28.836575+00:00,BUY_SENT,0.0058365,0.0053955,0.0067184,145.81771848293448,7.614,,,,DELIVERED,0.0057792,,,"{""mode"": ""SHADOW_NON_VETO"", ""regime"": ""BROAD_RISK_ON"", ""market_return_1h_pct"": 3.6468, ""market_return_4h_pct"": 0.3214, ""relative_strength_1h_pp"": 3.2082, ""relative_strength_4h_pp"": -2.3061, ""breadth_positive_1h_pct"": 66.9, ""breadth_positive_4h_pct"": 93.19, ""benchmarks"": {""BTC-EUR"": {""return_1h_pct"": 0.3252, ""return_4h_pct"": 3.6773}, ""ETH-EUR"": {""return_1h_pct"": 0.3391, ""return_4h_pct"": 2.3488}, ""SOL-EUR"": {""return_1h_pct"": 0.4859, ""return_4h_pct"": 4.0637}}, ""affects_buy_gate"": false}","{""4"": {""horizon_hours"": 4, ""result"": ""OPEN"", ""mfe_pct"": 2.8013, ""mae_pct"": -4.7306, ""close_return_pct"": 1.6106, ""bars_used"": 47, ""method"": ""closed_5m_bars_after_decision_bar""}, ""12"": {""horizon_hours"": 12, ""result"": ""OPEN"", ""mfe_pct"": 2.8013, ""mae_pct"": -5.5478, ""close_return_pct"": 1.6106, ""bars_used"": 137, ""method"": ""closed_5m_bars_after_decision_bar""}, ""24"": {""horizon_hours"": 24, ""result"": ""STOP"", ""mfe_pct"": 2.8013, ""mae_pct"": -10.9038, ""close_return_pct"": 1.6106, ""bars_used"": 262, ""method"": ""closed_5m_bars_after_decision_bar""}}",0.0071594,6.745807424156783,7.5558982266769394
PROVE-EUR,1789994888.60625,2026-09-21T12:46:54.791679+00:00,BUY_SENT,0.22712,0.20983,0.2617,144.82134643039998,8.413,,,,DELIVERED,0.22684,,,"{""mode"": ""SHADOW_NON_VETO"", ""regime"": ""BROAD_RISK_ON"", ""market_return_1h_pct"": 5.5493, ""market_return_4h_pct"": 9.7157, ""relative_strength_1h_pp"": 5.4802, ""relative_strength_4h_pp"": 7.9471, ""breadth_positive_1h_pct"": 54.23, ""breadth_positive_4h_pct"": 90.38, ""benchmarks"": {""BTC-EUR"": {""return_1h_pct"": 0.5308, ""return_4h_pct"": 2.0733}, ""ETH-EUR"": {""return_1h_pct"": 0.0497, ""return_4h_pct"": 0.9774}, ""SOL-EUR"": {""return_1h_pct"": -0.3991, ""return_4h_pct"": 0.8458}}, ""affects_buy_gate"": false}","{""4"": {""horizon_hours"": 4, ""result"": ""OPEN"", ""mfe_pct"": 14.6178, ""mae_pct"": -7.0183, ""close_return_pct"": -1.6643, ""bars_used"": 46, ""method"": ""closed_5m_bars_after_decision_bar""}, ""12"": {""horizon_hours"": 12, ""result"": ""STOP"", ""mfe_pct"": 14.6178, ""mae_pct"": -9.9727, ""close_return_pct"": -1.6643, ""bars_used"": 114, ""method"": ""closed_5m_bars_after_decision_bar""}, ""24"": {""horizon_hours"": 24, ""result"": ""STOP"", ""mfe_pct"": 14.6178, ""mae_pct"": -13.8517, ""close_return_pct"": -1.6643, ""bars_used"": 181, ""method"": ""closed_5m_bars_after_decision_bar""}}",0.27898,6.86001854059065,7.612715744980628
C-EUR,1789996935.309829,2026-09-21T13:21:01.076113+00:00,BUY_SENT,0.068052,0.064349,0.075458,196.0021386588,6.767,,,,DELIVERED,0.068288,,,"{""mode"": ""SHADOW_NON_VETO"", ""regime"": ""BROAD_RISK_ON"", ""market_return_1h_pct"": 4.5086, ""market_return_4h_pct"": 1.194, ""relative_strength_1h_pp"": 4.2712, ""relative_strength_4h_pp"": -0.0207, ""breadth_positive_1h_pct"": 63.62, ""breadth_positive_4h_pct"": 82.16, ""benchmarks"": {""BTC-EUR"": {""return_1h_pct"": 0.2514, ""return_4h_pct"": 1.4222}, ""ETH-EUR"": {""return_1h_pct"": 0.4955, ""return_4h_pct"": 1.2626}, ""SOL-EUR"": {""return_1h_pct"": 0.4675, ""return_4h_pct"": 1.788}}, ""affects_buy_gate"": false}","{""4"": {""horizon_hours"": 4, ""result"": ""OPEN"", ""mfe_pct"": 9.0166, ""mae_pct"": -1.9897, ""close_return_pct"": -0.1705, ""bars_used"": 38, ""method"": ""closed_5m_bars_after_decision_bar""}, ""12"": {""horizon_hours"": 12, ""result"": ""OPEN"", ""mfe_pct"": 9.0166, ""mae_pct"": -1.9897, ""close_return_pct"": -0.1705, ""bars_used"": 114, ""method"": ""closed_5m_bars_after_decision_bar""}, ""24"": {""horizon_hours"": 24, ""result"": ""OPEN"", ""mfe_pct"": 9.0166, ""mae_pct"": -1.9897, ""close_return_pct"": -0.1705, ""bars_used"": 232, ""method"": ""closed_5m_bars_after_decision_bar""}}",0.079161,6.219031981517279,5.441427143948742
CELR-EUR,1789998980.167155,2026-09-21T13:55:05.110826+00:00,BUY_SENT,0.0031493,0.0029679,0.003512,186.33973811529998,6.636,,,,DELIVERED,0.0031514,,,"{""mode"": ""SHADOW_NON_VETO"", ""regime"": ""MIXED"", ""market_return_1h_pct"": -0.466, ""market_return_4h_pct"": 2.9319, ""relative_strength_1h_pp"": 0.2901, ""relative_strength_4h_pp"": 3.0379, ""breadth_positive_1h_pct"": 19.72, ""breadth_positive_4h_pct"": 45.07, ""benchmarks"": {""BTC-EUR"": {""return_1h_pct"": -0.1738, ""return_4h_pct"": 0.0567}, ""ETH-EUR"": {""return_1h_pct"": -0.1537, ""return_4h_pct"": -0.7163}, ""SOL-EUR"": {""return_1h_pct"": 0.3721, ""return_4h_pct"": 0.6088}}, ""affects_buy_gate"": false}","{""4"": {""horizon_hours"": 4, ""result"": ""STOP"", ""mfe_pct"": 9.8657, ""mae_pct"": -10.4849, ""close_return_pct"": 0.8605, ""bars_used"": 48, ""method"": ""closed_5m_bars_after_decision_bar""}, ""12"": {""horizon_hours"": 12, ""result"": ""STOP"", ""mfe_pct"": 9.8657, ""mae_pct"": -12.8441, ""close_return_pct"": 0.8605, ""bars_used"": 119, ""method"": ""closed_5m_bars_after_decision_bar""}, ""24"": {""horizon_hours"": 24, ""result"": ""STOP"", ""mfe_pct"": 9.8657, ""mae_pct"": -14.7398, ""close_return_pct"": 0.8605, ""bars_used"": 225, ""method"": ""closed_5m_bars_after_decision_bar""}}",0.0036934,6.3351231011000415,5.7600101609881555
ACE-EUR,1790004307.241948,2026-09-21T15:23:52.446925+00:00,BUY_SENT,0.1525,0.14572,0.16606,233.902581490525,8.5,,,,DELIVERED,0.153,,,"{""mode"": ""SHADOW_NON_VETO"", ""regime"": ""MIXED"", ""market_return_1h_pct"": 4.2626, ""market_return_4h_pct"": 0.7766, ""relative_strength_1h_pp"": 3.4144, ""relative_strength_4h_pp"": 0.4826, ""breadth_positive_1h_pct"": 78.17, ""breadth_positive_4h_pct"": 58.22, ""benchmarks"": {""BTC-EUR"": {""return_1h_pct"": 1.1266, ""return_4h_pct"": 2.0735}, ""ETH-EUR"": {""return_1h_pct"": 1.0282, ""return_4h_pct"": 1.1032}, ""SOL-EUR"": {""return_1h_pct"": 0.4529, ""return_4h_pct"": 1.955}}, ""affects_buy_gate"": false}","{""4"": {""horizon_hours"": 4, ""result"": ""OPEN"", ""mfe_pct"": 3.1803, ""mae_pct"": -1.2066, ""close_return_pct"": -0.5508, ""bars_used"": 35, ""method"": ""closed_5m_bars_after_decision_bar""}, ""12"": {""horizon_hours"": 12, ""result"": ""OPEN"", ""mfe_pct"": 3.1803, ""mae_pct"": -2.5967, ""close_return_pct"": -0.5508, ""bars_used"": 71, ""method"": ""closed_5m_bars_after_decision_bar""}, ""24"": {""horizon_hours"": 24, ""result"": ""STOP"", ""mfe_pct"": 3.1803, ""mae_pct"": -4.6295, ""close_return_pct"": -0.5508, ""bars_used"": 167, ""method"": ""closed_5m_bars_after_decision_bar""}}",0.17284,6.576541274817134,4.445901639344267
ALLO-EUR,1790008523.502203,2026-09-21T16:34:08.592413+00:00,BUY_SENT,0.243967,0.226338,0.279224,151.8855349253,9.71,,,,DELIVERED,0.242446,,,"{""mode"": ""SHADOW_NON_VETO"", ""regime"": ""MIXED"", ""market_return_1h_pct"": 5.2219, ""market_return_4h_pct"": 2.8738, ""relative_strength_1h_pp"": 4.754, ""relative_strength_4h_pp"": 2.8589, ""breadth_positive_1h_pct"": 67.14, ""breadth_positive_4h_pct"": 50.7, ""benchmarks"": {""BTC-EUR"": {""return_1h_pct"": -0.008, ""return_4h_pct"": 1.0831}, ""ETH-EUR"": {""return_1h_pct"": 1.0725, ""return_4h_pct"": 1.631}, ""SOL-EUR"": {""return_1h_pct"": 0.1699, ""return_4h_pct"": 1.3056}}, ""affects_buy_gate"": false}","{""4"": {""horizon_hours"": 4, ""result"": ""OPEN"", ""mfe_pct"": 4.5223, ""mae_pct"": -5.4823, ""close_return_pct"": 2.8992, ""bars_used"": 35, ""method"": ""closed_5m_bars_after_decision_bar""}, ""12"": {""horizon_hours"": 12, ""result"": ""STOP"", ""mfe_pct"": 4.5223, ""mae_pct"": -7.7515, ""close_return_pct"": 2.8992, ""bars_used"": 69, ""method"": ""closed_5m_bars_after_decision_bar""}, ""24"": {""horizon_hours"": 24, ""result"": ""STOP"", ""mfe_pct"": 4.5223, ""mae_pct"": -9.514, ""close_return_pct"": 2.8992, ""bars_used"": 117, ""method"": ""closed_5m_bars_after_decision_bar""}}",0.296853,6.008328375966688,7.225977283812966
GRASS-EUR,1790021885.747955,2026-09-21T20:16:52.186047+00:00,BUY_SENT,0.34572,0.31894,0.39928,142.5340415866884,9.817,,,,DELIVERED,0.34518,,,"{""mode"": ""SHADOW_NON_VETO"", ""regime"": ""MIXED"", ""market_return_1h_pct"": 5.3491, ""market_return_4h_pct"": 5.4236, ""relative_strength_1h_pp"": 5.1021, ""relative_strength_4h_pp"": 5.6784, ""breadth_positive_1h_pct"": 61.27, ""breadth_positive_4h_pct"": 36.85, ""benchmarks"": {""BTC-EUR"": {""return_1h_pct"": 0.8221, ""return_4h_pct"": 1.2336}, ""ETH-EUR"": {""return_1h_pct"": 0.4033, ""return_4h_pct"": 0.7666}, ""SOL-EUR"": {""return_1h_pct"": 0.7418, ""return_4h_pct"": 0.6515}}, ""affects_buy_gate"": false}","{""4"": {""horizon_hours"": 4, ""result"": ""OPEN"", ""mfe_pct"": 14.1589, ""mae_pct"": 0.8735, ""close_return_pct"": 1.9958, ""bars_used"": 48, ""method"": ""closed_5m_bars_after_decision_bar""}, ""12"": {""horizon_hours"": 12, ""result"": ""TP1"", ""mfe_pct"": 16.739, ""mae_pct"": 0.512, ""close_return_pct"": 1.9958, ""bars_used"": 143, ""method"": ""closed_5m_bars_after_decision_bar""}, ""24"": {""horizon_hours"": 24, ""result"": ""TP1"", ""mfe_pct"": 18.191, ""mae_pct"": 0.512, ""close_return_pct"": 1.9958, ""bars_used"": 286, ""method"": ""closed_5m_bars_after_decision_bar""}}",0.42606,6.586127403776001,7.746152956149492
TAO-EUR,1790022006.238863,2026-09-21T20:18:50.979208+00:00,BUY_SENT,269.88,243.48,322.68,114.8557490028,8.816,,,,DELIVERED,272.18,,,"{""mode"": ""SHADOW_NON_VETO"", ""regime"": ""MIXED"", ""market_return_1h_pct"": 7.2897, ""market_return_4h_pct"": 7.9321, ""relative_strength_1h_pp"": 7.0427, ""relative_strength_4h_pp"": 8.1869, ""breadth_positive_1h_pct"": 61.27, ""breadth_positive_4h_pct"": 36.85, ""benchmarks"": {""BTC-EUR"": {""return_1h_pct"": 0.8221, ""return_4h_pct"": 1.2336}, ""ETH-EUR"": {""return_1h_pct"": 0.4033, ""return_4h_pct"": 0.7666}, ""SOL-EUR"": {""return_1h_pct"": 0.7418, ""return_4h_pct"": 0.6515}}, ""affects_buy_gate"": false}","{""4"": {""horizon_hours"": 4, ""result"": ""OPEN"", ""mfe_pct"": 4.1166, ""mae_pct"": -2.59, ""close_return_pct"": 1.471, ""bars_used"": 48, ""method"": ""closed_5m_bars_after_decision_bar""}, ""12"": {""horizon_hours"": 12, ""result"": ""OPEN"", ""mfe_pct"": 5.0578, ""mae_pct"": -2.59, ""close_return_pct"": 1.0449, ""bars_used"": 144, ""method"": ""closed_5m_bars_after_decision_bar""}, ""24"": {""horizon_hours"": 24, ""result"": ""OPEN"", ""mfe_pct"": 5.5803, ""mae_pct"": -2.59, ""close_return_pct"": 1.0449, ""bars_used"": 288, ""method"": ""closed_5m_bars_after_decision_bar""}}",349.08,10.256315419610159,9.782125389061807
COTI-EUR,1790025687.090819,2026-09-21T21:20:11.815902+00:00,BUY_SENT,0.01346,0.012835,0.01471,225.2617559175046,7.121,,,,DELIVERED,0.013567,,,"{""mode"": ""SHADOW_NON_VETO"", ""regime"": ""MIXED"", ""market_return_1h_pct"": -3.4118, ""market_return_4h_pct"": -9.8212, ""relative_strength_1h_pp"": -3.4118, ""relative_strength_4h_pp"": -9.7581, ""breadth_positive_1h_pct"": 49.3, ""breadth_positive_4h_pct"": 46.71, ""benchmarks"": {""BTC-EUR"": {""return_1h_pct"": -0.2154, ""return_4h_pct"": 0.7056}, ""ETH-EUR"": {""return_1h_pct"": -0.1117, ""return_4h_pct"": 0.6784}, ""SOL-EUR"": {""return_1h_pct"": 0.1345, ""return_4h_pct"": 0.9747}}, ""affects_buy_gate"": false}","{""4"": {""horizon_hours"": 4, ""result"": ""STOP"", ""mfe_pct"": 0.6166, ""mae_pct"": -5.364, ""close_return_pct"": -0.4458, ""bars_used"": 46, ""method"": ""closed_5m_bars_after_decision_bar""}, ""12"": {""horizon_hours"": 12, ""result"": ""STOP"", ""mfe_pct"": 1.6048, ""mae_pct"": -7.6746, ""close_return_pct"": -0.4458, ""bars_used"": 139, ""method"": ""closed_5m_bars_after_decision_bar""}, ""24"": {""horizon_hours"": 24, ""result"": ""STOP"", ""mfe_pct"": 4.5394, ""mae_pct"": -7.6746, ""close_return_pct"": -0.4458, ""bars_used"": 267, ""method"": ""closed_5m_bars_after_decision_bar""}}",0.015335,13.13064551663363,4.643387815750375
ZETA-EUR,1790036820.794011,2026-09-22T00:25:42.177756+00:00,BUY_SENT,0.051019,0.046926,0.059205,138.0195119849,7.5,,,,DELIVERED,0.050995,,,"{""mode"": ""SHADOW_NON_VETO"", ""regime"": ""BROAD_RISK_ON"", ""short_term_phase"": ""MIXED_1H"", ""regime_phase"": ""MIXED_TRANSITION"", ""market_return_1h_pct"": -4.1249, ""market_return_4h_pct"": -5.7939, ""relative_strength_1h_pp"": -4.1249, ""relative_strength_4h_pp"": -6.5463, ""breadth_positive_1h_pct"": 42.49, ""breadth_positive_4h_pct"": 74.41, ""benchmarks"": {""BTC-EUR"": {""return_1h_pct"": -0.2303, ""return_4h_pct"": -0.3582}, ""ETH-EUR"": {""return_1h_pct"": -0.3642, ""return_4h_pct"": 0.0575}, ""SOL-EUR"": {""return_1h_pct"": -0.7566, ""return_4h_pct"": 0.1451}}, ""affects_buy_gate"": false}","{""4"": {""horizon_hours"": 4, ""result"": ""TP1"", ""mfe_pct"": 16.6232, ""mae_pct"": -2.746, ""close_return_pct"": 0.0666, ""bars_used"": 42, ""method"": ""closed_5m_bars_after_decision_bar""}, ""12"": {""horizon_hours"": 12, ""result"": ""STOP"", ""mfe_pct"": 16.6232, ""mae_pct"": -8.0872, ""close_return_pct"": 0.0666, ""bars_used"": 120, ""method"": ""closed_5m_bars_after_decision_bar""}}",0.063298,11.280731162196691,8.02250142103922
EPIC-EUR,1790045818.278165,2026-09-22T02:55:41.264282+00:00,BUY_SENT,0.56687,0.51956,0.66148,133.0875878612078,8.334,,,,DELIVERED,0.56699,,,"{""mode"": ""SHADOW_NON_VETO"", ""regime"": ""MIXED"", ""short_term_phase"": ""MIXED_1H"", ""regime_phase"": ""MIXED_TRANSITION"", ""market_return_1h_pct"": 6.462, ""market_return_4h_pct"": 4.455, ""relative_strength_1h_pp"": 6.4581, ""relative_strength_4h_pp"": 3.9158, ""breadth_positive_1h_pct"": 50.23, ""breadth_positive_4h_pct"": 64.79, ""benchmarks"": {""BTC-EUR"": {""return_1h_pct"": 0.1057, ""return_4h_pct"": -0.7682}, ""ETH-EUR"": {""return_1h_pct"": -0.1089, ""return_4h_pct"": -1.1208}, ""SOL-EUR"": {""return_1h_pct"": 0.1559, ""return_4h_pct"": -1.1619}}, ""affects_buy_gate"": false}","{""4"": {""horizon_hours"": 4, ""result"": ""OPEN"", ""mfe_pct"": 1.5541, ""mae_pct"": -3.6163, ""close_return_pct"": -0.2364, ""bars_used"": 44, ""method"": ""closed_5m_bars_after_decision_bar""}, ""12"": {""horizon_hours"": 12, ""result"": ""STOP"", ""mfe_pct"": 4.8865, ""mae_pct"": -20.6061, ""close_return_pct"": -0.2364, ""bars_used"": 138, ""method"": ""closed_5m_bars_after_decision_bar""}}",0.70879,7.295430393198736,8.345828849648061
NIL-EUR,1790058798.279374,2026-09-22T06:32:01.211739+00:00,BUY_SENT,0.064545,0.05919,0.075255,133.81656846877215,7.78,,,,DELIVERED,0.064392,,,"{""mode"": ""SHADOW_NON_VETO"", ""regime"": ""BROAD_RISK_OFF"", ""short_term_phase"": ""EXPANSION_1H"", ""regime_phase"": ""RISK_OFF_REBOUND"", ""market_return_1h_pct"": 5.1916, ""market_return_4h_pct"": 6.9061, ""relative_strength_1h_pp"": 4.7866, ""relative_strength_4h_pp"": 7.2512, ""breadth_positive_1h_pct"": 65.49, ""breadth_positive_4h_pct"": 38.03, ""benchmarks"": {""BTC-EUR"": {""return_1h_pct"": 0.3031, ""return_4h_pct"": -0.3827}, ""ETH-EUR"": {""return_1h_pct"": 0.4405, ""return_4h_pct"": -0.4987}, ""SOL-EUR"": {""return_1h_pct"": 0.7769, ""return_4h_pct"": -0.8221}}, ""affects_buy_gate"": false}","{""4"": {""horizon_hours"": 4, ""result"": ""OPEN"", ""mfe_pct"": 13.6525, ""mae_pct"": -0.5221, ""close_return_pct"": 0.3749, ""bars_used"": 47, ""method"": ""closed_5m_bars_after_decision_bar""}, ""12"": {""horizon_hours"": 12, ""result"": ""TP1"", ""mfe_pct"": 18.6428, ""mae_pct"": -0.5221, ""close_return_pct"": 0.3749, ""bars_used"": 143, ""method"": ""closed_5m_bars_after_decision_bar""}}",0.08061,7.889230769230769,8.296537299558455
CARV-EUR,1790058981.419479,2026-09-22T06:35:04.935877+00:00,BUY_SENT,0.040426,0.036778,0.047721,123.8094700561,7.98,,,,DELIVERED,0.040024,,,"{""mode"": ""SHADOW_NON_VETO"", ""regime"": ""BROAD_RISK_OFF"", ""short_term_phase"": ""EXPANSION_1H"", ""regime_phase"": ""RISK_OFF_REBOUND"", ""market_return_1h_pct"": 1.3331, ""market_return_4h_pct"": 1.7507, ""relative_strength_1h_pp"": 0.9281, ""relative_strength_4h_pp"": 2.0958, ""breadth_positive_1h_pct"": 65.49, ""breadth_positive_4h_pct"": 38.03, ""benchmarks"": {""BTC-EUR"": {""return_1h_pct"": 0.3031, ""return_4h_pct"": -0.3827}, ""ETH-EUR"": {""return_1h_pct"": 0.4405, ""return_4h_pct"": -0.4987}, ""SOL-EUR"": {""return_1h_pct"": 0.7769, ""return_4h_pct"": -0.8221}}, ""affects_buy_gate"": false}","{""4"": {""horizon_hours"": 4, ""result"": ""OPEN"", ""mfe_pct"": 3.52, ""mae_pct"": -2.6592, ""close_return_pct"": -1.9987, ""bars_used"": 48, ""method"": ""closed_5m_bars_after_decision_bar""}, ""12"": {""horizon_hours"": 12, ""result"": ""OPEN"", ""mfe_pct"": 3.52, ""mae_pct"": -7.4061, ""close_return_pct"": -1.9987, ""bars_used"": 116, ""method"": ""closed_5m_bars_after_decision_bar""}}",0.051369,8.34752102357735,9.023895512788796
FORM-EUR,1790062227.241703,2026-09-22T07:29:08.012717+00:00,BUY_SENT,0.27632,0.26476,0.29944,246.46158923202083,7.13,,,,DELIVERED,0.27588,,,"{""mode"": ""SHADOW_NON_VETO"", ""regime"": ""MIXED"", ""short_term_phase"": ""MIXED_1H"", ""regime_phase"": ""MIXED_TRANSITION"", ""market_return_1h_pct"": 1.6622, ""market_return_4h_pct"": -2.4279, ""relative_strength_1h_pp"": 1.6393, ""relative_strength_4h_pp"": -2.5393, ""breadth_positive_1h_pct"": 51.41, ""breadth_positive_4h_pct"": 53.99, ""benchmarks"": {""BTC-EUR"": {""return_1h_pct"": 0.1236, ""return_4h_pct"": -0.0295}, ""ETH-EUR"": {""return_1h_pct"": 0.1837, ""return_4h_pct"": 0.1395}, ""SOL-EUR"": {""return_1h_pct"": 0.1002, ""return_4h_pct"": 0.1445}}, ""affects_buy_gate"": false}","{""4"": {""horizon_hours"": 4, ""result"": ""STOP"", ""mfe_pct"": 6.3332, ""mae_pct"": -6.1125, ""close_return_pct"": -1.2956, ""bars_used"": 45, ""method"": ""closed_5m_bars_after_decision_bar""}, ""12"": {""horizon_hours"": 12, ""result"": ""STOP"", ""mfe_pct"": 6.3332, ""mae_pct"": -6.1125, ""close_return_pct"": -1.2956, ""bars_used"": 118, ""method"": ""closed_5m_bars_after_decision_bar""}}",0.311,6.366892160764029,4.183555298204985
S-EUR,1790063252.579901,2026-09-22T07:46:14.455360+00:00,BUY_SENT,0.037651,0.034774,0.043404,144.32640283653302,7.818,,,,DELIVERED,0.037617,,,"{""mode"": ""SHADOW_NON_VETO"", ""regime"": ""BROAD_RISK_OFF"", ""short_term_phase"": ""PULLBACK_1H"", ""regime_phase"": ""RISK_OFF_CONTINUATION"", ""market_return_1h_pct"": 6.1842, ""market_return_4h_pct"": 7.6318, ""relative_strength_1h_pp"": 6.2621, ""relative_strength_4h_pp"": 7.9101, ""breadth_positive_1h_pct"": 34.51, ""breadth_positive_4h_pct"": 39.44, ""benchmarks"": {""BTC-EUR"": {""return_1h_pct"": -0.2642, ""return_4h_pct"": -0.1544}, ""ETH-EUR"": {""return_1h_pct"": -0.2872, ""return_4h_pct"": -0.178}, ""SOL-EUR"": {""return_1h_pct"": -0.3626, ""return_4h_pct"": -0.2754}}, ""affects_buy_gate"": false}","{""4"": {""horizon_hours"": 4, ""result"": ""OPEN"", ""mfe_pct"": 11.4366, ""mae_pct"": -2.9322, ""close_return_pct"": 1.899, ""bars_used"": 48, ""method"": ""closed_5m_bars_after_decision_bar""}, ""12"": {""horizon_hours"": 12, ""result"": ""OPEN"", ""mfe_pct"": 11.4366, ""mae_pct"": -2.9322, ""close_return_pct"": 1.899, ""bars_used"": 132, ""method"": ""closed_5m_bars_after_decision_bar""}}",0.046281,6.608000000000002,7.6412313085973755
KERNEL-EUR,1790063252.579901,2026-09-22T07:46:14.455360+00:00,BUY_SENT,0.05833,0.053527,0.067936,134.75022949686,8.5,,,,DELIVERED,0.05869,,,"{""mode"": ""SHADOW_NON_VETO"", ""regime"": ""BROAD_RISK_OFF"", ""short_term_phase"": ""PULLBACK_1H"", ""regime_phase"": ""RISK_OFF_CONTINUATION"", ""market_return_1h_pct"": 7.2798, ""market_return_4h_pct"": 5.901, ""relative_strength_1h_pp"": 7.3577, ""relative_strength_4h_pp"": 6.1793, ""breadth_positive_1h_pct"": 34.51, ""breadth_positive_4h_pct"": 39.44, ""benchmarks"": {""BTC-EUR"": {""return_1h_pct"": -0.2642, ""return_4h_pct"": -0.1544}, ""ETH-EUR"": {""return_1h_pct"": -0.2872, ""return_4h_pct"": -0.178}, ""SOL-EUR"": {""return_1h_pct"": -0.3626, ""return_4h_pct"": -0.2754}}, ""affects_buy_gate"": false}","{""4"": {""horizon_hours"": 4, ""result"": ""OPEN"", ""mfe_pct"": 0.8058, ""mae_pct"": -5.9266, ""close_return_pct"": 0.444, ""bars_used"": 45, ""method"": ""closed_5m_bars_after_decision_bar""}, ""12"": {""horizon_hours"": 12, ""result"": ""STOP"", ""mfe_pct"": 0.8058, ""mae_pct"": -14.4437, ""close_return_pct"": 0.444, ""bars_used"": 119, ""method"": ""closed_5m_bars_after_decision_bar""}}",0.072739,11.335977946614669,8.234184810560606
USELESS-EUR,1790065406.846286,2026-09-22T08:22:07.658021+00:00,BUY_SENT,0.262362,0.239934,0.307217,130.17197148972,8.03,,,,DELIVERED,0.258725,,,"{""mode"": ""SHADOW_NON_VETO"", ""regime"": ""MIXED"", ""short_term_phase"": ""MIXED_1H"", ""regime_phase"": ""MIXED_TRANSITION"", ""market_return_1h_pct"": 4.707, ""market_return_4h_pct"": 14.0338, ""relative_strength_1h_pp"": 4.7038, ""relative_strength_4h_pp"": 14.2104, ""breadth_positive_1h_pct"": 50.0, ""breadth_positive_4h_pct"": 40.38, ""benchmarks"": {""BTC-EUR"": {""return_1h_pct"": 0.2375, ""return_4h_pct"": 0.1314}, ""ETH-EUR"": {""return_1h_pct"": 0.1665, ""return_4h_pct"": 0.0222}, ""SOL-EUR"": {""return_1h_pct"": -0.0363, ""return_4h_pct"": -0.1353}}, ""affects_buy_gate"": false}","{""4"": {""horizon_hours"": 4, ""result"": ""OPEN"", ""mfe_pct"": 4.817, ""mae_pct"": -3.4921, ""close_return_pct"": -1.4899, ""bars_used"": 48, ""method"": ""closed_5m_bars_after_decision_bar""}, ""12"": {""horizon_hours"": 12, ""result"": ""OPEN"", ""mfe_pct"": 16.5009, ""mae_pct"": -3.4921, ""close_return_pct"": -1.4899, ""bars_used"": 144, ""method"": ""closed_5m_bars_after_decision_bar""}}",0.329645,8.21519030864267,8.548494065451543
AVA-EUR,1790066551.691388,2026-09-22T08:41:15.234331+00:00,BUY_SENT,0.24,0.22083,0.27834,138.57543014159998,8.884,,,,DELIVERED,0.23817,,,"{""mode"": ""SHADOW_NON_VETO"", ""regime"": ""BROAD_RISK_OFF"", ""short_term_phase"": ""MIXED_1H"", ""regime_phase"": ""MIXED_TRANSITION"", ""market_return_1h_pct"": 4.8624, ""market_return_4h_pct"": 5.7757, ""relative_strength_1h_pp"": 4.8624, ""relative_strength_4h_pp"": 6.1651, ""breadth_positive_1h_pct"": 45.54, ""breadth_positive_4h_pct"": 35.92, ""benchmarks"": {""BTC-EUR"": {""return_1h_pct"": 0.3507, ""return_4h_pct"": 0.1945}, ""ETH-EUR"": {""return_1h_pct"": 0.1686, ""return_4h_pct"": -0.0805}, ""SOL-EUR"": {""return_1h_pct"": -0.1202, ""return_4h_pct"": -0.3968}}, ""affects_buy_gate"": false}","{""4"": {""horizon_hours"": 4, ""result"": ""OPEN"", ""mfe_pct"": 0.2583, ""mae_pct"": -6.9875, ""close_return_pct"": -1.8417, ""bars_used"": 40, ""method"": ""closed_5m_bars_after_decision_bar""}, ""12"": {""horizon_hours"": 12, ""result"": ""OPEN"", ""mfe_pct"": 0.7792, ""mae_pct"": -6.9875, ""close_return_pct"": -1.8417, ""bars_used"": 106, ""method"": ""closed_5m_bars_after_decision_bar""}}",0.2975,6.266530159542705,7.987499999999997
WIF-EUR,1790067489.75191,2026-09-22T08:56:45.031806+00:00,BUY_SENT,0.22472,0.20827,0.25761,150.10131927928,7.453,,,,DELIVERED,0.22523,,,"{""mode"": ""SHADOW_NON_VETO"", ""regime"": ""MIXED"", ""short_term_phase"": ""EXPANSION_1H"", ""regime_phase"": ""MIXED_TRANSITION"", ""market_return_1h_pct"": 1.2251, ""market_return_4h_pct"": 0.965, ""relative_strength_1h_pp"": 0.7437, ""relative_strength_4h_pp"": 0.7892, ""breadth_positive_1h_pct"": 69.48, ""breadth_positive_4h_pct"": 55.4, ""benchmarks"": {""BTC-EUR"": {""return_1h_pct"": 1.1429, ""return_4h_pct"": 0.9677}, ""ETH-EUR"": {""return_1h_pct"": 0.8283, ""return_4h_pct"": 0.8236}, ""SOL-EUR"": {""return_1h_pct"": 0.9389, ""return_4h_pct"": 0.8166}}, ""affects_buy_gate"": false}","{""4"": {""horizon_hours"": 4, ""result"": ""OPEN"", ""mfe_pct"": 6.7996, ""mae_pct"": -3.2529, ""close_return_pct"": -0.7743, ""bars_used"": 47, ""method"": ""closed_5m_bars_after_decision_bar""}, ""12"": {""horizon_hours"": 12, ""result"": ""OPEN"", ""mfe_pct"": 8.5796, ""mae_pct"": -3.9694, ""close_return_pct"": -0.7743, ""bars_used"": 139, ""method"": ""closed_5m_bars_after_decision_bar""}}",0.27407,6.962618909383231,7.32022071911712
LAPTOP-EUR,1790076006.964864,2026-09-22T11:18:46.590975+00:00,BUY_SENT,0.0697,0.06562,0.07786,183.6780402,7.226,,,,DELIVERED,0.06994,,,"{""mode"": ""SHADOW_NON_VETO"", ""regime"": ""MIXED"", ""short_term_phase"": ""PULLBACK_1H"", ""regime_phase"": ""MIXED_TRANSITION"", ""market_return_1h_pct"": 5.1087, ""market_return_4h_pct"": 2.8714, ""relative_strength_1h_pp"": 5.7433, ""relative_strength_4h_pp"": 3.967, ""breadth_positive_1h_pct"": 18.31, ""breadth_positive_4h_pct"": 26.53, ""benchmarks"": {""BTC-EUR"": {""return_1h_pct"": -0.052, ""return_4h_pct"": 0.636}, ""ETH-EUR"": {""return_1h_pct"": -0.152, ""return_4h_pct"": 0.3008}, ""SOL-EUR"": {""return_1h_pct"": -0.0989, ""return_4h_pct"": 0.1227}}, ""affects_buy_gate"": false}","{""4"": {""horizon_hours"": 4, ""result"": ""STOP"", ""mfe_pct"": 0.5739, ""mae_pct"": -9.5696, ""close_return_pct"": -0.8321, ""bars_used"": 48, ""method"": ""closed_5m_bars_after_decision_bar""}}",0.08194,10.470767948895993,5.853658536585367
FLOCK-EUR,1790077925.893172,2026-09-22T11:50:46.654542+00:00,BUY_SENT,0.074141,0.068291,0.08584,140.14181568611,7.941,,,,DELIVERED,0.0738,,,"{""mode"": ""SHADOW_NON_VETO"", ""regime"": ""MIXED"", ""short_term_phase"": ""MIXED_1H"", ""regime_phase"": ""MIXED_TRANSITION"", ""market_return_1h_pct"": 2.9562, ""market_return_4h_pct"": 10.7433, ""relative_strength_1h_pp"": 2.9562, ""relative_strength_4h_pp"": 11.3382, ""breadth_positive_1h_pct"": 45.07, ""breadth_positive_4h_pct"": 31.46, ""benchmarks"": {""BTC-EUR"": {""return_1h_pct"": 0.338, ""return_4h_pct"": 0.9842}, ""ETH-EUR"": {""return_1h_pct"": 0.2034, ""return_4h_pct"": 0.687}, ""SOL-EUR"": {""return_1h_pct"": 0.6444, ""return_4h_pct"": 1.0504}}, ""affects_buy_gate"": false}","{""4"": {""horizon_hours"": 4, ""result"": ""OPEN"", ""mfe_pct"": 14.6761, ""mae_pct"": -6.9327, ""close_return_pct"": -0.9657, ""bars_used"": 45, ""method"": ""closed_5m_bars_after_decision_bar""}}",0.09169,11.769637825578998,7.890371049756537
UNI-EUR,1790081618.535005,2026-09-22T12:52:20.572457+00:00,BUY_SENT,8.3723,7.5354,10.046,112.55903481742298,8.839,,,,DELIVERED,8.3921,,,"{""mode"": ""SHADOW_NON_VETO"", ""regime"": ""BROAD_RISK_OFF"", ""short_term_phase"": ""MIXED_1H"", ""regime_phase"": ""MIXED_TRANSITION"", ""market_return_1h_pct"": 5.8423, ""market_return_4h_pct"": 2.2282, ""relative_strength_1h_pp"": 5.5446, ""relative_strength_4h_pp"": 3.0129, ""breadth_positive_1h_pct"": 62.91, ""breadth_positive_4h_pct"": 23.0, ""benchmarks"": {""BTC-EUR"": {""return_1h_pct"": -0.1198, ""return_4h_pct"": -0.2765}, ""ETH-EUR"": {""return_1h_pct"": 0.1637, ""return_4h_pct"": 0.0234}, ""SOL-EUR"": {""return_1h_pct"": -0.1396, ""return_4h_pct"": -0.0293}}, ""affects_buy_gate"": false}","{""4"": {""horizon_hours"": 4, ""result"": ""OPEN"", ""mfe_pct"": 1.2864, ""mae_pct"": -8.1937, ""close_return_pct"": -0.2616, ""bars_used"": 48, ""method"": ""closed_5m_bars_after_decision_bar""}}",10.8829,6.051089816791617,9.996058430777675
GOAT-EUR,1790083139.284728,2026-09-22T13:17:40.262730+00:00,BUY_SENT,0.017404,0.016185,0.019841,156.257680619616,10.0,,,,DELIVERED,0.017586,,,"{""mode"": ""SHADOW_NON_VETO"", ""regime"": ""MIXED"", ""short_term_phase"": ""EXPANSION_1H"", ""regime_phase"": ""MIXED_TRANSITION"", ""market_return_1h_pct"": 9.0424, ""market_return_4h_pct"": 8.7753, ""relative_strength_1h_pp"": 7.8816, ""relative_strength_4h_pp"": 8.5226, ""breadth_positive_1h_pct"": 81.92, ""breadth_positive_4h_pct"": 58.45, ""benchmarks"": {""BTC-EUR"": {""return_1h_pct"": 0.1801, ""return_4h_pct"": 0.092}, ""ETH-EUR"": {""return_1h_pct"": 0.6018, ""return_4h_pct"": 0.5702}, ""SOL-EUR"": {""return_1h_pct"": 0.4531, ""return_4h_pct"": 0.4964}}, ""affects_buy_gate"": false}","{""4"": {""horizon_hours"": 4, ""result"": ""OPEN"", ""mfe_pct"": 3.482, ""mae_pct"": -3.8382, ""close_return_pct"": 0.0, ""bars_used"": 31, ""method"": ""closed_5m_bars_after_decision_bar""}}",0.02106,8.489556944209887,7.004136980004584
PYTH-EUR,1790087069.779812,2026-09-22T14:23:12.162626+00:00,BUY_SENT,0.057831,0.053697,0.066098,153.386079020139,8.5,,,,DELIVERED,0.057572,,,"{""mode"": ""SHADOW_NON_VETO"", ""regime"": ""BROAD_RISK_ON"", ""short_term_phase"": ""MIXED_1H"", ""regime_phase"": ""MIXED_TRANSITION"", ""market_return_1h_pct"": 7.2594, ""market_return_4h_pct"": 8.7894, ""relative_strength_1h_pp"": 7.2844, ""relative_strength_4h_pp"": 8.202, ""breadth_positive_1h_pct"": 41.78, ""breadth_positive_4h_pct"": 66.43, ""benchmarks"": {""BTC-EUR"": {""return_1h_pct"": 0.3995, ""return_4h_pct"": 0.4798}, ""ETH-EUR"": {""return_1h_pct"": -0.0324, ""return_4h_pct"": 0.4276}, ""SOL-EUR"": {""return_1h_pct"": 0.2212, ""return_4h_pct"": 0.7552}}, ""affects_buy_gate"": false}","{""4"": {""horizon_hours"": 4, ""result"": ""OPEN"", ""mfe_pct"": 2.4364, ""mae_pct"": -1.9522, ""close_return_pct"": 0.8421, ""bars_used"": 42, ""method"": ""closed_5m_bars_after_decision_bar""}}",0.070232,17.368837420679675,7.1484152098355525
NOS-EUR,1790091472.481877,2026-09-22T15:36:29.820079+00:00,BUY_SENT,0.34684,0.31427,0.41197,119.3123988336904,7.105,,,,DELIVERED,0.34859,,,"{""mode"": ""SHADOW_NON_VETO"", ""regime"": ""BROAD_RISK_ON"", ""short_term_phase"": ""MIXED_1H"", ""regime_phase"": ""MIXED_TRANSITION"", ""market_return_1h_pct"": -0.422, ""market_return_4h_pct"": 7.2262, ""relative_strength_1h_pp"": -0.422, ""relative_strength_4h_pp"": 6.364, ""breadth_positive_1h_pct"": 47.18, ""breadth_positive_4h_pct"": 73.24, ""benchmarks"": {""BTC-EUR"": {""return_1h_pct"": 0.4877, ""return_4h_pct"": 0.6083}, ""ETH-EUR"": {""return_1h_pct"": 0.2052, ""return_4h_pct"": 0.3515}, ""SOL-EUR"": {""return_1h_pct"": 0.2825, ""return_4h_pct"": 0.6544}}, ""affects_buy_gate"": false}","{""4"": {""horizon_hours"": 4, ""result"": ""OPEN"", ""mfe_pct"": 3.1657, ""mae_pct"": -8.3295, ""close_return_pct"": -1.8308, ""bars_used"": 31, ""method"": ""closed_5m_bars_after_decision_bar""}}",0.44454,10.668879471297743,9.390497059162724
SAGA-EUR,1790094615.142903,2026-09-22T16:28:52.211701+00:00,BUY_SENT,0.034395,0.03135,0.040485,126.0233442718728,9.0,,,,DELIVERED,0.034513,,,"{""mode"": ""SHADOW_NON_VETO"", ""regime"": ""BROAD_RISK_ON"", ""short_term_phase"": ""MIXED_1H"", ""regime_phase"": ""MIXED_TRANSITION"", ""market_return_1h_pct"": -0.6864, ""market_return_4h_pct"": -3.8803, ""relative_strength_1h_pp"": -1.0623, ""relative_strength_4h_pp"": -5.0154, ""breadth_positive_1h_pct"": 63.62, ""breadth_positive_4h_pct"": 74.18, ""benchmarks"": {""BTC-EUR"": {""return_1h_pct"": -0.0769, ""return_4h_pct"": 0.5763}, ""ETH-EUR"": {""return_1h_pct"": -0.4348, ""return_4h_pct"": -0.0355}, ""SOL-EUR"": {""return_1h_pct"": -0.2537, ""return_4h_pct"": 0.0577}}, ""affects_buy_gate"": false}","{""4"": {""horizon_hours"": 4, ""result"": ""OPEN"", ""mfe_pct"": 1.2211, ""mae_pct"": -5.0124, ""close_return_pct"": 0.2791, ""bars_used"": 29, ""method"": ""closed_5m_bars_after_decision_bar""}}",0.04353,11.937423384507607,8.853030963802876
MERL-EUR,1790095678.557786,2026-09-22T16:46:37.615241+00:00,BUY_SENT,0.026928,0.025035,0.030713,155.73791231768882,9.459,,,,DELIVERED,0.027008,,,"{""mode"": ""SHADOW_NON_VETO"", ""regime"": ""BROAD_RISK_ON"", ""short_term_phase"": ""MIXED_1H"", ""regime_phase"": ""MIXED_TRANSITION"", ""market_return_1h_pct"": 3.9884, ""market_return_4h_pct"": 7.0578, ""relative_strength_1h_pp"": 3.9884, ""relative_strength_4h_pp"": 6.1705, ""breadth_positive_1h_pct"": 47.65, ""breadth_positive_4h_pct"": 70.89, ""benchmarks"": {""BTC-EUR"": {""return_1h_pct"": -0.3844, ""return_4h_pct"": 0.5225}, ""ETH-EUR"": {""return_1h_pct"": -0.4387, ""return_4h_pct"": -0.1872}, ""SOL-EUR"": {""return_1h_pct"": -0.3637, ""return_4h_pct"": 0.1437}}, ""affects_buy_gate"": false}","{""4"": {""horizon_hours"": 4, ""result"": ""OPEN"", ""mfe_pct"": 4.1332, ""mae_pct"": -2.3247, ""close_return_pct"": -0.6536, ""bars_used"": 39, ""method"": ""closed_5m_bars_after_decision_bar""}}",0.032607,6.219453046300794,7.029857397504452
EPIC-EUR,1790096458.306962,2026-09-22T16:59:35.667687+00:00,BUY_SENT,0.49009,0.45146,0.56735,140.2747855248918,9.28,,,,DELIVERED,0.48743,,,"{""mode"": ""SHADOW_NON_VETO"", ""regime"": ""BROAD_RISK_ON"", ""short_term_phase"": ""MIXED_1H"", ""regime_phase"": ""MIXED_TRANSITION"", ""market_return_1h_pct"": -0.378, ""market_return_4h_pct"": -0.6123, ""relative_strength_1h_pp"": -0.378, ""relative_strength_4h_pp"": -1.4996, ""breadth_positive_1h_pct"": 47.65, ""breadth_positive_4h_pct"": 70.89, ""benchmarks"": {""BTC-EUR"": {""return_1h_pct"": -0.3844, ""return_4h_pct"": 0.5225}, ""ETH-EUR"": {""return_1h_pct"": -0.4387, ""return_4h_pct"": -0.1872}, ""SOL-EUR"": {""return_1h_pct"": -0.3637, ""return_4h_pct"": 0.1437}}, ""affects_buy_gate"": false}","{""4"": {""horizon_hours"": 4, ""result"": ""OPEN"", ""mfe_pct"": 1.2345, ""mae_pct"": -4.2768, ""close_return_pct"": 0.9733, ""bars_used"": 41, ""method"": ""closed_5m_bars_after_decision_bar""}}",0.60598,12.031294919709234,7.882225713644443
APE-EUR,1790098590.897702,2026-09-22T17:35:08.464450+00:00,BUY_SENT,0.13764,0.12881,0.1553,169.1848718184444,8.731,,,,DELIVERED,0.13874,,,"{""mode"": ""SHADOW_NON_VETO"", ""regime"": ""BROAD_RISK_ON"", ""short_term_phase"": ""EXPANSION_1H"", ""regime_phase"": ""RISK_ON_CONTINUATION"", ""market_return_1h_pct"": 4.8709, ""market_return_4h_pct"": 7.3599, ""relative_strength_1h_pp"": 3.9213, ""relative_strength_4h_pp"": 6.4118, ""breadth_positive_1h_pct"": 78.64, ""breadth_positive_4h_pct"": 76.76, ""benchmarks"": {""BTC-EUR"": {""return_1h_pct"": 0.535, ""return_4h_pct"": 1.1756}, ""ETH-EUR"": {""return_1h_pct"": 0.7556, ""return_4h_pct"": 0.5163}, ""SOL-EUR"": {""return_1h_pct"": 0.9192, ""return_4h_pct"": 1.0595}}, ""affects_buy_gate"": false}","{""4"": {""horizon_hours"": 4, ""result"": ""OPEN"", ""mfe_pct"": 2.8916, ""mae_pct"": -1.671, ""close_return_pct"": -0.0872, ""bars_used"": 40, ""method"": ""closed_5m_bars_after_decision_bar""}}",0.16413,7.272989126521226,6.4152862539959346
STO-EUR,1790098590.897702,2026-09-22T17:35:08.464450+00:00,BUY_SENT,0.039707,0.036418,0.046285,134.01557456641999,6.99,,,,DELIVERED,0.039788,,,"{""mode"": ""SHADOW_NON_VETO"", ""regime"": ""BROAD_RISK_ON"", ""short_term_phase"": ""EXPANSION_1H"", ""regime_phase"": ""RISK_ON_CONTINUATION"", ""market_return_1h_pct"": 6.5265, ""market_return_4h_pct"": 7.3704, ""relative_strength_1h_pp"": 5.5769, ""relative_strength_4h_pp"": 6.4223, ""breadth_positive_1h_pct"": 78.64, ""breadth_positive_4h_pct"": 76.76, ""benchmarks"": {""BTC-EUR"": {""return_1h_pct"": 0.535, ""return_4h_pct"": 1.1756}, ""ETH-EUR"": {""return_1h_pct"": 0.7556, ""return_4h_pct"": 0.5163}, ""SOL-EUR"": {""return_1h_pct"": 0.9192, ""return_4h_pct"": 1.0595}}, ""affects_buy_gate"": false}","{""4"": {""horizon_hours"": 4, ""result"": ""OPEN"", ""mfe_pct"": 0.748, ""mae_pct"": -5.8831, ""close_return_pct"": -1.2668, ""bars_used"": 29, ""method"": ""closed_5m_bars_after_decision_bar""}}",0.049574,7.961021778953796,8.283174251391442
TREAD-EUR,1790102862.106827,2026-09-22T18:46:20.605026+00:00,BUY_SENT,0.47,0.43311,0.54377,140.82085479999998,6.875,,,,DELIVERED,0.47,,,"{""mode"": ""SHADOW_NON_VETO"", ""regime"": ""BROAD_RISK_ON"", ""short_term_phase"": ""MIXED_1H"", ""regime_phase"": ""MIXED_TRANSITION"", ""market_return_1h_pct"": 2.1961, ""market_return_4h_pct"": 4.0951, ""relative_strength_1h_pp"": 2.1961, ""relative_strength_4h_pp"": 2.1237, ""breadth_positive_1h_pct"": 44.37, ""breadth_positive_4h_pct"": 87.32, ""benchmarks"": {""BTC-EUR"": {""return_1h_pct"": -0.1283, ""return_4h_pct"": 0.6074}, ""ETH-EUR"": {""return_1h_pct"": -0.1359, ""return_4h_pct"": 0.7816}, ""SOL-EUR"": {""return_1h_pct"": 0.31, ""return_4h_pct"": 1.4437}}, ""affects_buy_gate"": false}",{},0.58066,6.75531914893617,7.848936170212761
MOVR-EUR,1790104813.951284,2026-09-22T19:18:56.081154+00:00,BUY_SENT,0.8312,0.7741,0.9454,159.03428889830403,10.0,,,,DELIVERED,0.8369,,,"{""mode"": ""SHADOW_NON_VETO"", ""regime"": ""BROAD_RISK_ON"", ""short_term_phase"": ""MIXED_1H"", ""regime_phase"": ""MIXED_TRANSITION"", ""market_return_1h_pct"": 7.2785, ""market_return_4h_pct"": 8.9612, ""relative_strength_1h_pp"": 7.2785, ""relative_strength_4h_pp"": 7.5825, ""breadth_positive_1h_pct"": 45.07, ""breadth_positive_4h_pct"": 80.28, ""benchmarks"": {""BTC-EUR"": {""return_1h_pct"": -0.0674, ""return_4h_pct"": 0.1617}, ""ETH-EUR"": {""return_1h_pct"": 0.1114, ""return_4h_pct"": 0.3199}, ""SOL-EUR"": {""return_1h_pct"": 0.1299, ""return_4h_pct"": 0.7532}}, ""affects_buy_gate"": false}",{},1.0025,11.728613569321539,6.8695861405197345
TIA-EUR,1790105674.922965,2026-09-22T19:33:18.148740+00:00,BUY_SENT,0.41293,0.39119,0.45641,201.8031784067677,9.615,,,,DELIVERED,0.4173,,,"{""mode"": ""SHADOW_NON_VETO"", ""regime"": ""BROAD_RISK_ON"", ""short_term_phase"": ""MIXED_1H"", ""regime_phase"": ""MIXED_TRANSITION"", ""market_return_1h_pct"": 5.7861, ""market_return_4h_pct"": 6.8621, ""relative_strength_1h_pp"": 5.7334, ""relative_strength_4h_pp"": 5.6229, ""breadth_positive_1h_pct"": 53.29, ""breadth_positive_4h_pct"": 80.99, ""benchmarks"": {""BTC-EUR"": {""return_1h_pct"": 0.236, ""return_4h_pct"": 0.248}, ""ETH-EUR"": {""return_1h_pct"": 0.7208, ""return_4h_pct"": 0.6897}, ""SOL-EUR"": {""return_1h_pct"": 0.7678, ""return_4h_pct"": 1.0693}}, ""affects_buy_gate"": false}",{},0.47815,6.4788462918231176,5.264814859661453
LAPTOP-EUR,1790110434.36156,2026-09-22T20:52:36.441346+00:00,BUY_SENT,0.06835,0.0621,0.08084,122.297893581,8.5,,,,DELIVERED,0.06835,,,"{""mode"": ""SHADOW_NON_VETO"", ""regime"": ""BROAD_RISK_ON"", ""short_term_phase"": ""MIXED_1H"", ""regime_phase"": ""MIXED_TRANSITION"", ""market_return_1h_pct"": 7.6631, ""market_return_4h_pct"": 6.6667, ""relative_strength_1h_pp"": 7.559, ""relative_strength_4h_pp"": 5.7611, ""breadth_positive_1h_pct"": 53.76, ""breadth_positive_4h_pct"": 78.64, ""benchmarks"": {""BTC-EUR"": {""return_1h_pct"": -0.0477, ""return_4h_pct"": -0.0119}, ""ETH-EUR"": {""return_1h_pct"": 0.0067, ""return_4h_pct"": 0.4523}, ""SOL-EUR"": {""return_1h_pct"": -0.1007, ""return_4h_pct"": 0.73}}, ""affects_buy_gate"": false}",{},0.08709,13.632352941176471,9.144111192392087
