market,journal_check_start_utc,signal_price,gate,classification,assessment_100_150
HFT-EUR,2026-09-21T13:56:20.167155+00:00,0.005314,INSUFFICIENT_EXECUTION_LIQUIDITY,NON_IDENTIFIABLE,volume24h <75000; carnet non collecté par ce gate avant rejet. Conservatisme petite taille non démontré.
AGI-EUR,2026-09-21T14:35:06.464572+00:00,0.005154,INSUFFICIENT_EXECUTION_LIQUIDITY,NON_IDENTIFIABLE,volume24h <75000; carnet non collecté par ce gate avant rejet. Conservatisme petite taille non démontré.
HFT-EUR,2026-09-22T08:00:37.292001+00:00,0.005342,INSUFFICIENT_EXECUTION_LIQUIDITY,NON_IDENTIFIABLE,volume24h <75000; carnet non collecté par ce gate avant rejet. Conservatisme petite taille non démontré.
AGI-EUR,2026-09-22T12:53:38.535005+00:00,0.005124,INSUFFICIENT_EXECUTION_LIQUIDITY,NON_IDENTIFIABLE,volume24h <75000; carnet non collecté par ce gate avant rejet. Conservatisme petite taille non démontré.
RUNE-EUR,2026-09-22T13:18:59.284728+00:00,0.57712,STRUCTURAL_RANGE_TOO_NARROW,NON_IDENTIFIABLE,"range <6%; veto structurel, pas preuve de non-exécutabilité mécanique. Effet économique seulement testé via C1."
AGI-EUR,2026-09-22T15:52:51.539234+00:00,0.005069,INSUFFICIENT_EXECUTION_LIQUIDITY,NON_IDENTIFIABLE,volume24h <75000; carnet non collecté par ce gate avant rejet. Conservatisme petite taille non démontré.
RARE-EUR,2026-09-23T02:45:09.040284+00:00,0.012123,INSUFFICIENT_EXECUTION_LIQUIDITY,NON_IDENTIFIABLE,volume24h <75000; carnet non collecté par ce gate avant rejet. Conservatisme petite taille non démontré.
HFT-EUR,2026-09-23T08:51:27.764754+00:00,0.005563,INSUFFICIENT_EXECUTION_LIQUIDITY,NON_IDENTIFIABLE,volume24h <75000; carnet non collecté par ce gate avant rejet. Conservatisme petite taille non démontré.
AGI-EUR,2026-09-23T16:52:11.826527+00:00,0.004929,INSUFFICIENT_EXECUTION_LIQUIDITY,NON_IDENTIFIABLE,volume24h <75000; carnet non collecté par ce gate avant rejet. Conservatisme petite taille non démontré.
HFT-EUR,2026-09-23T19:18:05.102423+00:00,0.005476,INSUFFICIENT_EXECUTION_LIQUIDITY,NON_IDENTIFIABLE,volume24h <75000; carnet non collecté par ce gate avant rejet. Conservatisme petite taille non démontré.
HFT-EUR,2026-09-23T19:35:02.561565+00:00,0.005476,INSUFFICIENT_EXECUTION_LIQUIDITY,NON_IDENTIFIABLE,volume24h <75000; carnet non collecté par ce gate avant rejet. Conservatisme petite taille non démontré.
AMP-EUR,2026-09-23T20:02:55.087468+00:00,0.0004434,INSUFFICIENT_EXECUTION_LIQUIDITY,NON_IDENTIFIABLE,volume24h <75000; carnet non collecté par ce gate avant rejet. Conservatisme petite taille non démontré.
AMP-EUR,2026-09-24T01:23:25.137362+00:00,0.0004481,INSUFFICIENT_EXECUTION_LIQUIDITY,NON_IDENTIFIABLE,volume24h <75000; carnet non collecté par ce gate avant rejet. Conservatisme petite taille non démontré.
AMP-EUR,2026-09-24T12:44:43.486060+00:00,0.000438,INSUFFICIENT_EXECUTION_LIQUIDITY,NON_IDENTIFIABLE,volume24h <75000; carnet non collecté par ce gate avant rejet. Conservatisme petite taille non démontré.
2Z-EUR,2026-09-24T14:42:12.992751+00:00,0.04775,STRUCTURAL_RANGE_TOO_NARROW,NON_IDENTIFIABLE,"range <6%; veto structurel, pas preuve de non-exécutabilité mécanique. Effet économique seulement testé via C1."
COW-EUR,2026-09-24T14:42:12.992751+00:00,0.12603,INSUFFICIENT_EXECUTION_LIQUIDITY,NON_IDENTIFIABLE,volume24h <75000; carnet non collecté par ce gate avant rejet. Conservatisme petite taille non démontré.
HFT-EUR,2026-09-24T15:22:11.520504+00:00,0.00559,INSUFFICIENT_EXECUTION_LIQUIDITY,NON_IDENTIFIABLE,volume24h <75000; carnet non collecté par ce gate avant rejet. Conservatisme petite taille non démontré.
AGI-EUR,2026-09-24T15:40:40.010702+00:00,0.005091,INSUFFICIENT_EXECUTION_LIQUIDITY,NON_IDENTIFIABLE,volume24h <75000; carnet non collecté par ce gate avant rejet. Conservatisme petite taille non démontré.
AGI-EUR,2026-09-24T15:55:53.263467+00:00,0.005091,INSUFFICIENT_EXECUTION_LIQUIDITY,NON_IDENTIFIABLE,volume24h <75000; carnet non collecté par ce gate avant rejet. Conservatisme petite taille non démontré.
2Z-EUR,2026-09-24T16:53:11.999954+00:00,0.052384,SPREAD_TOO_WIDE,NON_IDENTIFIABLE,"spread >0.5%; coût top-book >0.4975 EUR/100 et >0.7463 EUR/150. Protection de coût conforme, valeur exacte non archivée par ce journal."
RARE-EUR,2026-09-25T11:21:51.763778+00:00,0.011875,INSUFFICIENT_EXECUTION_LIQUIDITY,NON_IDENTIFIABLE,volume24h <75000; carnet non collecté par ce gate avant rejet. Conservatisme petite taille non démontré.
RARE-EUR,2026-09-25T11:40:13.623576+00:00,0.012015,INSUFFICIENT_EXECUTION_LIQUIDITY,NON_IDENTIFIABLE,volume24h <75000; carnet non collecté par ce gate avant rejet. Conservatisme petite taille non démontré.
RARE-EUR,2026-09-25T12:43:06.453981+00:00,0.011963,INSUFFICIENT_EXECUTION_LIQUIDITY,NON_IDENTIFIABLE,volume24h <75000; carnet non collecté par ce gate avant rejet. Conservatisme petite taille non démontré.
RARE-EUR,2026-09-25T15:21:24.561295+00:00,0.012765,INSUFFICIENT_EXECUTION_LIQUIDITY,NON_IDENTIFIABLE,volume24h <75000; carnet non collecté par ce gate avant rejet. Conservatisme petite taille non démontré.
RARE-EUR,2026-09-25T15:38:53.558308+00:00,0.014724,STRUCTURAL_STOP_TOO_WIDE,NON_IDENTIFIABLE,"stop >10%; 150 EUR implique >15 EUR de risque brut, donc protecteur vis-à-vis plafond12. À100, verdict EUR dépend de la distance exacte non enregistrée."
RARE-EUR,2026-09-25T15:56:10.224738+00:00,0.015636,SPREAD_TOO_WIDE,NON_IDENTIFIABLE,"spread >0.5%; coût top-book >0.4975 EUR/100 et >0.7463 EUR/150. Protection de coût conforme, valeur exacte non archivée par ce journal."
RARE-EUR,2026-09-25T16:35:03.356459+00:00,0.013989,STRUCTURAL_STOP_TOO_WIDE,NON_IDENTIFIABLE,"stop >10%; 150 EUR implique >15 EUR de risque brut, donc protecteur vis-à-vis plafond12. À100, verdict EUR dépend de la distance exacte non enregistrée."
RARE-EUR,2026-09-25T17:08:41.219931+00:00,0.014495,SPREAD_TOO_WIDE,NON_IDENTIFIABLE,"spread >0.5%; coût top-book >0.4975 EUR/100 et >0.7463 EUR/150. Protection de coût conforme, valeur exacte non archivée par ce journal."
HFT-EUR,2026-09-25T19:33:32.078200+00:00,0.005588,INSUFFICIENT_EXECUTION_LIQUIDITY,NON_IDENTIFIABLE,volume24h <75000; carnet non collecté par ce gate avant rejet. Conservatisme petite taille non démontré.
RARE-EUR,2026-09-25T21:32:48.048104+00:00,0.014487,DELIVERED,ALERTED,Validé puis email envoyé. Ce cas ne constitue pas un faux négatif de transport.
2Z-EUR,2026-09-26T05:33:04.054806+00:00,0.05203,STRUCTURAL_RANGE_TOO_NARROW,NON_IDENTIFIABLE,"range <6%; veto structurel, pas preuve de non-exécutabilité mécanique. Effet économique seulement testé via C1."
2Z-EUR,2026-09-26T06:26:31.472066+00:00,0.059629,STRUCTURAL_STOP_TOO_WIDE,NON_IDENTIFIABLE,"stop >10%; 150 EUR implique >15 EUR de risque brut, donc protecteur vis-à-vis plafond12. À100, verdict EUR dépend de la distance exacte non enregistrée."
RARE-EUR,2026-09-26T06:26:31.472066+00:00,0.015921,STRUCTURAL_STOP_TOO_WIDE,NON_IDENTIFIABLE,"stop >10%; 150 EUR implique >15 EUR de risque brut, donc protecteur vis-à-vis plafond12. À100, verdict EUR dépend de la distance exacte non enregistrée."
RARE-EUR,2026-09-26T06:48:20.166229+00:00,0.017266,STRUCTURAL_STOP_TOO_WIDE,NON_IDENTIFIABLE,"stop >10%; 150 EUR implique >15 EUR de risque brut, donc protecteur vis-à-vis plafond12. À100, verdict EUR dépend de la distance exacte non enregistrée."
RARE-EUR,2026-09-26T07:02:05.044735+00:00,0.018965,SPREAD_TOO_WIDE,NON_IDENTIFIABLE,"spread >0.5%; coût top-book >0.4975 EUR/100 et >0.7463 EUR/150. Protection de coût conforme, valeur exacte non archivée par ce journal."
2Z-EUR,2026-09-26T09:36:51.478205+00:00,0.066922,STRUCTURAL_STOP_TOO_WIDE,NON_IDENTIFIABLE,"stop >10%; 150 EUR implique >15 EUR de risque brut, donc protecteur vis-à-vis plafond12. À100, verdict EUR dépend de la distance exacte non enregistrée."
RARE-EUR,2026-09-26T10:06:19.233939+00:00,0.019956,STRUCTURAL_STOP_TOO_WIDE,NON_IDENTIFIABLE,"stop >10%; 150 EUR implique >15 EUR de risque brut, donc protecteur vis-à-vis plafond12. À100, verdict EUR dépend de la distance exacte non enregistrée."
AMP-EUR,2026-09-26T10:24:29.824298+00:00,0.0004715,INSUFFICIENT_EXECUTION_LIQUIDITY,NON_IDENTIFIABLE,volume24h <75000; carnet non collecté par ce gate avant rejet. Conservatisme petite taille non démontré.
AMP-EUR,2026-09-26T11:45:04.909711+00:00,0.0005333,INSUFFICIENT_EXECUTION_LIQUIDITY,NON_IDENTIFIABLE,volume24h <75000; carnet non collecté par ce gate avant rejet. Conservatisme petite taille non démontré.
AMP-EUR,2026-09-26T11:58:12.692009+00:00,0.000596,SPREAD_TOO_WIDE,NON_IDENTIFIABLE,"spread >0.5%; coût top-book >0.4975 EUR/100 et >0.7463 EUR/150. Protection de coût conforme, valeur exacte non archivée par ce journal."
AGI-EUR,2026-09-26T12:23:19.767258+00:00,0.00525,INSUFFICIENT_EXECUTION_LIQUIDITY,NON_IDENTIFIABLE,volume24h <75000; carnet non collecté par ce gate avant rejet. Conservatisme petite taille non démontré.
RARE-EUR,2026-09-26T13:48:03.830832+00:00,0.020636,DELIVERED,ALERTED,Validé puis email envoyé. Ce cas ne constitue pas un faux négatif de transport.
AMP-EUR,2026-09-26T14:38:09.667550+00:00,0.0005778,SPREAD_TOO_WIDE,NON_IDENTIFIABLE,"spread >0.5%; coût top-book >0.4975 EUR/100 et >0.7463 EUR/150. Protection de coût conforme, valeur exacte non archivée par ce journal."
HFT-EUR,2026-09-26T14:52:56.363426+00:00,0.00571,INSUFFICIENT_EXECUTION_LIQUIDITY,NON_IDENTIFIABLE,volume24h <75000; carnet non collecté par ce gate avant rejet. Conservatisme petite taille non démontré.
AGI-EUR,2026-09-26T15:28:03.073907+00:00,0.005631,INSUFFICIENT_EXECUTION_LIQUIDITY,NON_IDENTIFIABLE,volume24h <75000; carnet non collecté par ce gate avant rejet. Conservatisme petite taille non démontré.
AMP-EUR,2026-09-26T15:59:02.587767+00:00,0.0005943,SPREAD_TOO_WIDE,NON_IDENTIFIABLE,"spread >0.5%; coût top-book >0.4975 EUR/100 et >0.7463 EUR/150. Protection de coût conforme, valeur exacte non archivée par ce journal."
AMP-EUR,2026-09-26T16:37:27.113117+00:00,0.0006042,SPREAD_TOO_WIDE,NON_IDENTIFIABLE,"spread >0.5%; coût top-book >0.4975 EUR/100 et >0.7463 EUR/150. Protection de coût conforme, valeur exacte non archivée par ce journal."
AMP-EUR,2026-09-26T16:52:51.095985+00:00,0.0006576,SPREAD_TOO_WIDE,NON_IDENTIFIABLE,"spread >0.5%; coût top-book >0.4975 EUR/100 et >0.7463 EUR/150. Protection de coût conforme, valeur exacte non archivée par ce journal."
AGI-EUR,2026-09-26T17:44:26.553516+00:00,0.006051,SPREAD_TOO_WIDE,NON_IDENTIFIABLE,"spread >0.5%; coût top-book >0.4975 EUR/100 et >0.7463 EUR/150. Protection de coût conforme, valeur exacte non archivée par ce journal."
RARE-EUR,2026-09-26T17:44:26.553516+00:00,0.020418,STRUCTURAL_STOP_TOO_WIDE,NON_IDENTIFIABLE,"stop >10%; 150 EUR implique >15 EUR de risque brut, donc protecteur vis-à-vis plafond12. À100, verdict EUR dépend de la distance exacte non enregistrée."
AMP-EUR,2026-09-26T20:17:57.908732+00:00,0.0007495,SPREAD_TOO_WIDE,NON_IDENTIFIABLE,"spread >0.5%; coût top-book >0.4975 EUR/100 et >0.7463 EUR/150. Protection de coût conforme, valeur exacte non archivée par ce journal."
AMP-EUR,2026-09-26T20:34:42.102997+00:00,0.0007181,SPREAD_TOO_WIDE,NON_IDENTIFIABLE,"spread >0.5%; coût top-book >0.4975 EUR/100 et >0.7463 EUR/150. Protection de coût conforme, valeur exacte non archivée par ce journal."
AMP-EUR,2026-09-26T23:59:28.244526+00:00,0.0007208,SPREAD_TOO_WIDE,NON_IDENTIFIABLE,"spread >0.5%; coût top-book >0.4975 EUR/100 et >0.7463 EUR/150. Protection de coût conforme, valeur exacte non archivée par ce journal."
HFT-EUR,2026-09-27T00:28:58.197375+00:00,0.005739,INSUFFICIENT_EXECUTION_LIQUIDITY,NON_IDENTIFIABLE,volume24h <75000; carnet non collecté par ce gate avant rejet. Conservatisme petite taille non démontré.
