id,source,market,ts,quote,stop,score,journal_ts,status,check_started_ts,publication_sha,initial_reject_at,initial_reason,spread_pct,range_pct,stop_distance_pct
B10,BASELINE,KMNO-EUR,1789984230.0,0.030916,0.028836,7.196,1789984228.328058,FILLED,,,,,,,
B11,BASELINE,TREAD-EUR,1789985102.0,0.38501,0.36549,7.175,1789985099.447374,NO_FILL,,,,,,,
B24,BASELINE,ARB-EUR,1789988149.0,0.20236,0.187,8.492,1789988147.244241,FILLED,,,,,,,
B36,BASELINE,G-EUR,1789990488.0,0.0058365,0.0053955,7.614,1789990484.104091,FILLED,,,,,,,
B51,BASELINE,PROVE-EUR,1789994892.0,0.22712,0.20983,8.413,1789994888.60625,FILLED,,,,,,,
B58,BASELINE,C-EUR,1789996940.0,0.068052,0.064349,6.767,1789996935.309829,FILLED,,,,,,,
B66,BASELINE,CELR-EUR,1789998983.0,0.0031493,0.0029679,6.636,1789998980.167155,FILLED,,,,,,,
B106,BASELINE,ACE-EUR,1790004310.0,0.1525,0.14572,8.5,1790004307.241948,FILLED,,,,,,,
B130,BASELINE,ALLO-EUR,1790008525.0,0.243967,0.226338,9.71,1790008523.502203,NO_FILL,,,,,,,
B170,BASELINE,GRASS-EUR,1790021887.0,0.34572,0.31894,9.817,1790021885.747955,NO_FILL,,,,,,,
B173,BASELINE,TAO-EUR,1790022009.0,269.88,243.48,8.816,1790022006.238863,NO_FILL,,,,,,,
B190,BASELINE,COTI-EUR,1790025689.0,0.01346,0.012835,7.121,1790025687.090819,NO_FILL,,,,,,,
B227,BASELINE,ZETA-EUR,1790036822.0,0.051019,0.046926,7.5,1790036820.794011,RISK_CAP,,,,,,,
RV:ZAMA-EUR|1790029581,REVALIDATION,ZAMA-EUR,1790043927.0,0.088151,0.080658,9.143,,RISK_CAP,1790043924.06592,ebb4de57028580fc04302ed36a64034c7f4d16fa,2026-09-21T22:26:04.342978+00:00,STRUCTURAL_RANGE_TOO_NARROW,0.2650196774266922,6.321951669221113,8.500187178818166
RV:PHA-EUR|1790018902,REVALIDATION,PHA-EUR,1790044995.0,0.046705,0.042123,8.405,,RISK_CAP,1790044987.532704,bf006acde629ad00f83cf018514351a6336ef470,2026-09-21T19:28:16.003677+00:00,STRUCTURAL_STOP_TOO_WIDE,0.33081996090309485,7.251419154001093,9.810512793062847
B258,BASELINE,EPIC-EUR,1790045820.0,0.56687,0.51956,8.334,1790045818.278165,RISK_CAP,,,,,,,
RV:BONK-EUR|1790056319,REVALIDATION,BONK-EUR,1790057351.0,3.1834e-06,2.9918e-06,7.095,,FILLED,1790057349.808933,3d767942eb2713c5a02e40d55d02fc01064e991f,2026-09-22T05:51:37.540512+00:00,STRUCTURAL_RANGE_TOO_NARROW,0.2519367638722514,6.059172344183693,6.0187221210027015
B300,BASELINE,NIL-EUR,1790058800.0,0.064545,0.05919,7.78,1790058798.279374,RISK_CAP,,,,,,,
B302,BASELINE,CARV-EUR,1790058984.0,0.040426,0.036778,7.98,1790058981.419479,RISK_CAP,,,,,,,
B311,BASELINE,FORM-EUR,1790062230.0,0.27632,0.26476,7.13,1790062227.241703,FILLED,,,,,,,
B316,BASELINE,KERNEL-EUR,1790063256.0,0.05833,0.053527,8.5,1790063252.579901,RISK_CAP,,,,,,,
B315,BASELINE,S-EUR,1790063256.0,0.037651,0.034774,7.818,1790063252.579901,NO_FILL,,,,,,,
B322,BASELINE,USELESS-EUR,1790065409.0,0.262362,0.239934,8.03,1790065406.846286,RISK_CAP,,,,,,,
B325,BASELINE,AVA-EUR,1790066554.0,0.24,0.22083,8.884,1790066551.691388,RISK_CAP,,,,,,,
B338,BASELINE,WIF-EUR,1790067496.0,0.22472,0.20827,7.453,1790067489.75191,FILLED,,,,,,,
B368,BASELINE,LAPTOP-EUR,1790076010.0,0.0697,0.06562,7.226,1790076006.964864,FILLED,,,,,,,
B374,BASELINE,FLOCK-EUR,1790077928.0,0.074141,0.068291,7.941,1790077925.893172,RISK_CAP,,,,,,,
B389,BASELINE,UNI-EUR,1790081620.0,8.3723,7.5354,8.839,1790081618.535005,RISK_CAP,,,,,,,
B403,BASELINE,GOAT-EUR,1790083143.0,0.017404,0.016185,10.0,1790083139.284728,FILLED,,,,,,,
RV:THQ-EUR|1790066565,REVALIDATION,THQ-EUR,1790083302.0,0.0112,0.010456,7.818,,FILLED,1790083292.233301,60404906de162752ffa579837b1910a6d889b12b,2026-09-22T08:42:31.691388+00:00,INSUFFICIENT_EXECUTION_LIQUIDITY,0.02679289095293136,6.999024217156034,6.642857142857142
B421,BASELINE,PYTH-EUR,1790087072.0,0.057831,0.053697,8.5,1790087069.779812,NO_FILL,,,,,,,
B430,BASELINE,NOS-EUR,1790091476.0,0.34684,0.31427,7.105,1790091472.481877,RISK_CAP,,,,,,,
B453,BASELINE,SAGA-EUR,1790094618.0,0.034395,0.03135,9.0,1790094615.142903,NO_FILL,,,,,,,
B459,BASELINE,MERL-EUR,1790095680.0,0.026928,0.025035,9.459,1790095678.557786,FILLED,,,,,,,
RV:YGG-EUR|1790095702,REVALIDATION,YGG-EUR,1790095719.0,0.024727,0.022427,9.144,,RISK_CAP,1790095708.825869,0f9f0a83f1818266ca16fdd810abaa06467ab1d6,2026-09-22T16:47:58.557786+00:00,SPREAD_TOO_WIDE,0.34901180958564204,8.807466579719595,9.301573179115946
B468,BASELINE,EPIC-EUR,1790096462.0,0.49009,0.45146,9.28,1790096458.306962,RISK_CAP,,,,,,,
B481,BASELINE,APE-EUR,1790098594.0,0.13764,0.12881,8.731,1790098590.897702,FILLED,,,,,,,
B482,BASELINE,STO-EUR,1790098594.0,0.039707,0.036418,6.99,1790098590.897702,NO_FILL,,,,,,,
B493,BASELINE,TREAD-EUR,1790102864.0,0.47,0.43311,6.875,1790102862.106827,RISK_CAP,,,,,,,
B504,BASELINE,MOVR-EUR,1790104817.0,0.8312,0.7741,10.0,1790104813.951284,FILLED,,,,,,,
B507,BASELINE,TIA-EUR,1790105676.0,0.41293,0.39119,9.615,1790105674.922965,FILLED,,,,,,,
B513,BASELINE,LAPTOP-EUR,1790110437.0,0.06835,0.0621,8.5,1790110434.36156,RISK_CAP,,,,,,,
B540,BASELINE,FARTCOIN-EUR,1790119173.0,0.17999,0.1656,6.641,1790119172.118677,RISK_CAP,,,,,,,
B543,BASELINE,ZAMA-EUR,1790120864.0,0.087314,0.07984,7.873,1790120862.480356,RISK_CAP,,,,,,,
B553,BASELINE,MLN-EUR,1790125343.0,1.4337,1.3435,9.841,1790125341.609261,FILLED,,,,,,,
B561,BASELINE,GRASS-EUR,1790126500.0,0.4021,0.373,8.913,1790126495.643986,FILLED,,,,,,,
B566,BASELINE,ENS-EUR,1790127469.0,6.3723,5.9356,7.733,1790127465.751466,FILLED,,,,,,,
B572,BASELINE,AERO-EUR,1790129260.0,0.63151,0.59456,6.943,1790129258.382909,FILLED,,,,,,,
B606,BASELINE,SUPER-EUR,1790137957.0,0.1604,0.14971,7.297,1790137954.242196,FILLED,,,,,,,
B607,BASELINE,PENGU-EUR,1790137957.0,0.0093229,0.0085857,7.047,1790137954.242196,RISK_CAP,,,,,,,
B614,BASELINE,KAIA-EUR,1790138958.0,0.031402,0.02927,7.324,1790138954.411426,NO_FILL,,,,,,,
B624,BASELINE,HNT-EUR,1790140904.0,0.47059,0.4516,7.006,1790140901.669227,FILLED,,,,,,,
B646,BASELINE,BONK-EUR,1790146727.0,3.5549e-06,3.2745e-06,8.55,1790146722.329992,RISK_CAP,,,,,,,
B651,BASELINE,MLN-EUR,1790148067.0,1.3979,1.2652,10.0,1790148063.634422,RISK_CAP,,,,,,,
B671,BASELINE,ALLO-EUR,1790155606.0,0.286378,0.26891,8.823,1790155602.074781,NO_FILL,,,,,,,
B684,BASELINE,MAVIA-EUR,1790163098.0,0.032573,0.030925,8.168,1790163095.092153,FILLED,,,,,,,
B693,BASELINE,PTB-EUR,1790164898.0,0.0009579,0.0008869,8.257,1790164892.570918,FILLED,,,,,,,
B694,BASELINE,XMN-EUR,1790164898.0,0.000472,0.000436,7.636,1790164892.570918,FILLED,,,,,,,
B709,BASELINE,COTI-EUR,1790170072.0,0.015338,0.014266,6.616,1790170068.433848,FILLED,,,,,,,
B727,BASELINE,ACU-EUR,1790175544.0,0.11877,0.10803,9.858,1790175540.825805,RISK_CAP,,,,,,,
B731,BASELINE,RAY-EUR,1790176820.0,1.79332,1.61754,9.02,1790176819.267993,RISK_CAP,,,,,,,
B737,BASELINE,BCH-EUR,1790180088.0,307.02,280.82,6.645,1790180085.778514,RISK_CAP,,,,,,,
B749,BASELINE,COTI-EUR,1790185481.0,0.015226,0.014046,8.227,1790185479.403473,RISK_CAP,,,,,,,
B762,BASELINE,LSK-EUR,1790192976.0,0.28361,0.26129,7.668,1790192973.967285,RISK_CAP,,,,,,,
RV:NOM-EUR|1790187832,REVALIDATION,NOM-EUR,1790192996.0,0.0015848,0.001488,6.79,,FILLED,1790192985.688392,f828a72f47dd3afd5f6b994bcf9a4a9840646312,2026-09-23T18:23:35.864628+00:00,INSUFFICIENT_EXECUTION_LIQUIDITY,0.234014293846041,6.721639180409795,6.108026249369003
B771,BASELINE,TREAD-EUR,1790199066.0,0.46738,0.44389,9.545,1790199064.2738,FILLED,,,,,,,
B812,BASELINE,CHR-EUR,1790214970.0,0.019037,0.018152,8.52,1790214968.740072,FILLED,,,,,,,
B814,BASELINE,SAGA-EUR,1790216185.0,0.042638,0.039841,8.03,1790216182.693982,FILLED,,,,,,,
B818,BASELINE,KMNO-EUR,1790217276.0,0.032992,0.030626,7.896,1790217273.028774,RISK_CAP,,,,,,,
B826,BASELINE,WIF-EUR,1790219129.0,0.21905,0.2034,7.143,1790219127.158837,FILLED,,,,,,,
B837,BASELINE,ARK-EUR,1790224699.0,0.14951,0.13887,6.885,1790224697.497457,FILLED,,,,,,,
B860,BASELINE,VTHO-EUR,1790229627.0,0.00068664,0.00063508,8.66,1790229622.289717,NO_FILL,,,,,,,
B867,BASELINE,CVC-EUR,1790233552.0,0.026999,0.025691,6.713,1790233548.867252,FILLED,,,,,,,
B873,BASELINE,PROM-EUR,1790238145.0,4.8107,4.519,8.039,1790238141.934006,FILLED,,,,,,,
B874,BASELINE,CNPY-EUR,1790238145.0,0.38481,0.35882,7.955,1790238141.934006,NO_FILL,,,,,,,
B898,BASELINE,ONDO-EUR,1790252549.0,0.40336,0.36475,8.5,1790252545.353656,RISK_CAP,,,,,,,
B900,BASELINE,PEAQ-EUR,1790253885.0,0.033915,0.031313,8.035,1790253883.48606,RISK_CAP,,,,,,,
B903,BASELINE,HUMA-EUR,1790254885.0,0.022305,0.020849,8.555,1790254883.134218,FILLED,,,,,,,
RV:LAPTOP-EUR|1790257541,REVALIDATION,LAPTOP-EUR,1790257562.0,0.0633,0.05873,7.252,,NO_FILL,1790257550.27885,3ec2e7b2b74cbef13f95f6edc3a3dd7bf2e4e4d0,2026-09-24T13:43:59.782030+00:00,STRUCTURAL_RANGE_TOO_NARROW,0.01580028440510972,6.54028436018957,7.219589257503946
B923,BASELINE,LAPTOP-EUR,1790258366.0,0.06495,0.05873,10.0,1790258364.097639,NO_FILL,,,,,,,
B922,BASELINE,QNT-EUR,1790258366.0,69.091,62.916,8.431,1790258364.097639,RISK_CAP,,,,,,,
B944,BASELINE,ETC-EUR,1790259759.0,8.9214,8.112,10.0,1790259746.517188,RISK_CAP,,,,,,,
B945,BASELINE,SYRUP-EUR,1790259759.0,0.19144,0.17476,9.089,1790259746.517188,RISK_CAP,,,,,,,
B968,BASELINE,NEAR-EUR,1790260941.0,4.114,3.8012,8.333,1790260932.992751,FILLED,,,,,,,
B969,BASELINE,APT-EUR,1790260941.0,0.7374,0.6725,6.533,1790260932.992751,RISK_CAP,,,,,,,
B987,BASELINE,CFG-EUR,1790264444.0,0.138449,0.125557,7.35,1790264440.010702,RISK_CAP,,,,,,,
B988,BASELINE,XAI-EUR,1790264444.0,0.0077029,0.0069863,7.068,1790264440.010702,NO_FILL,,,,,,,
B996,BASELINE,NOM-EUR,1790265356.0,0.0020723,0.0019372,6.983,1790265353.263467,FILLED,,,,,,,
RV:IMU-EUR|1790265473,REVALIDATION,IMU-EUR,1790265499.0,0.0017985,0.0017189,6.855,,FILLED,1790265474.534379,d33ac6cdd138c3a26c4a50bf3f49bfcee10d43a3,2026-09-24T15:55:53.263467+00:00,SPREAD_TOO_WIDE,0.4692475280710484,9.277881938526228,4.425910480956351
RV:HUMA-EUR|1790266754,REVALIDATION,HUMA-EUR,1790266773.0,0.022071,0.020444,6.755,,FILLED,1790266757.106052,eb9ec929ecac333e7c2d7618463e69da378e58cb,2026-09-24T16:17:13.989933+00:00,SPREAD_TOO_WIDE,0.3455330756990227,6.332441865735909,7.371664174708894
RV:2Z-EUR|1790261061,REVALIDATION,2Z-EUR,1790268925.0,0.051556,0.047122,8.5,,RISK_CAP,1790268909.997647,b63115d536e7b5e587ace3df695e5530981af978,2026-09-24T14:42:12.992751+00:00,STRUCTURAL_RANGE_TOO_NARROW,0.32692457383045603,13.816184361301588,8.600356893475057
B1039,BASELINE,PIXEL-EUR,1790272688.0,0.0053336,0.0048523,8.951,1790272686.173883,RISK_CAP,,,,,,,
B1067,BASELINE,XPL-EUR,1790278786.0,0.093576,0.086728,8.005,1790278781.406029,RISK_CAP,,,,,,,
B1071,BASELINE,CHIP-EUR,1790279419.0,0.042277,0.038903,8.366,1790279416.625769,NO_FILL,,,,,,,
B1107,BASELINE,DYM-EUR,1790292458.0,0.018617,0.017292,6.953,1790292457.446194,FILLED,,,,,,,
B1123,BASELINE,SYN-EUR,1790303133.0,0.19645,0.179825,7.102,1790303132.116355,NO_FILL,,,,,,,
B1138,BASELINE,NOM-EUR,1790310481.0,0.0018563,0.0017433,8.409,1790310479.245914,FILLED,,,,,,,
B1146,BASELINE,MOVR-EUR,1790312462.0,0.8407,0.7806,8.853,1790312456.945382,NO_FILL,,,,,,,
B1159,BASELINE,PHA-EUR,1790315714.0,0.046256,0.043109,8.5,1790315711.62313,NO_FILL,,,,,,,
B1168,BASELINE,AXS-EUR,1790320131.0,1.0484,0.9837,6.647,1790320127.319059,NO_FILL,,,,,,,
B1200,BASELINE,AERO-EUR,1790328982.0,0.67746,0.62895,9.457,1790328978.732831,FILLED,,,,,,,
RV:EDGE-EUR|1790276520,REVALIDATION,EDGE-EUR,1790332594.0,0.088232,0.081325,6.664,,NO_FILL,1790332576.312871,038949d8409bab1da2b26deb9ceefd6b0c2dd59b,2026-09-24T18:59:04.444289+00:00,INSUFFICIENT_EXECUTION_LIQUIDITY,0.0034002425506329814,7.660152696369132,7.828225587088595
RV:REZ-EUR|1790332574,REVALIDATION,REZ-EUR,1790332594.0,0.0036244,0.0033789,6.615,,NO_FILL,1790332577.821798,038949d8409bab1da2b26deb9ceefd6b0c2dd59b,2026-09-25T10:29:29.242351+00:00,STRUCTURAL_RANGE_TOO_NARROW,0.1187812491367568,6.427142380793592,6.773534929919436
B1222,BASELINE,CHILLGUY-EUR,1790333258.0,0.0122019,0.011441,8.847,1790333257.049015,FILLED,,,,,,,
B1236,BASELINE,ENA-EUR,1790335316.0,0.21078,0.19272,9.067,1790335311.763778,RISK_CAP,,,,,,,
B1240,BASELINE,SUI-EUR,1790336414.0,0.99616,0.90229,6.867,1790336413.623576,RISK_CAP,,,,,,,
RV:PIXEL-EUR|1790339224,REVALIDATION,PIXEL-EUR,1790339245.0,0.0055183,0.0049753,8.575,,NO_FILL,1790339228.848479,2fa24ae675f78502f998ac05272da800cf188ea8,2026-09-25T12:20:33.371920+00:00,STRUCTURAL_STOP_TOO_WIDE,0.2689197783229069,8.348907351553388,9.839986952503489
B1262,BASELINE,USELESS-EUR,1790340192.0,0.26353,0.248218,7.563,1790340186.453981,FILLED,,,,,,,
B1265,BASELINE,EDGE-EUR,1790343774.0,0.08534,0.080424,8.917,1790343771.24849,NO_FILL,,,,,,,
RV:GRASS-EUR|1790303318,REVALIDATION,GRASS-EUR,1790348903.0,0.43863,0.40969,7.731,,FILLED,1790348874.400719,479296e5b036b981e26114dad5c91244162225f0,2026-09-25T02:25:32.116355+00:00,STRUCTURAL_RANGE_TOO_NARROW,0.059310628008302224,6.006293610617042,6.597815926863191
B1295,BASELINE,WMTX-EUR,1790352842.0,0.023091,0.020867,7.948,1790352837.545995,RISK_CAP,,,,,,,
B1296,BASELINE,ZK-EUR,1790352842.0,0.011571,0.010689,7.315,1790352837.545995,FILLED,,,,,,,
B1304,BASELINE,GRASS-EUR,1790354110.0,0.45333,0.41611,6.936,1790354103.356459,ACTIVE_POSITION,,,,,,,
B1314,BASELINE,SAGA-EUR,1790357280.0,0.032259,0.029863,7.847,1790357277.647324,FILLED,,,,,,,
B1315,BASELINE,BEAM-EUR,1790357280.0,0.0019707,0.0018175,6.71,1790357277.647324,FILLED,,,,,,,
B1320,BASELINE,EPIC-EUR,1790359209.0,0.431,0.41525,6.914,1790359206.66896,FILLED,,,,,,,
RV:LDO-EUR|1790363100,REVALIDATION,LDO-EUR,1790363128.0,0.42447,0.39878,9.165,,FILLED,1790363104.047382,6cb0fa88d8d6984cb5ed96a6d176bf3b58ee3fad,2026-09-25T18:58:47.073081+00:00,STRUCTURAL_RANGE_TOO_NARROW,0.08488363867864557,7.517727187908201,6.052253398355594
B1333,BASELINE,EIGEN-EUR,1790364815.0,0.22511,0.21352,7.709,1790364812.0782,FILLED,,,,,,,
B1342,BASELINE,RARE-EUR,1790371970.0,0.014528,0.013373,6.719,1790371968.048104,FILLED,,,,,,,
B1354,BASELINE,ARK-EUR,1790376847.0,0.22884,0.20648,8.994,1790376843.865013,NO_FILL,,,,,,,
B1387,BASELINE,ARK-EUR,1790390515.0,0.23085,0.20924,7.95,1790390513.848664,RISK_CAP,,,,,,,
RV:AVNT-EUR|1790368117,REVALIDATION,AVNT-EUR,1790396156.0,0.11724,0.10818,8.177,,NO_FILL,1790396139.292371,74c2e33da2b8dbaed3e4bac5b2d45fb36aad1d9b,2026-09-25T20:21:28.817683+00:00,STRUCTURAL_RANGE_TOO_NARROW,0.3337612323491612,9.35611945451407,7.727737973387922
B1411,BASELINE,ATH-EUR,1790401708.0,0.0057324,0.0053703,7.672,1790401705.470763,FILLED,,,,,,,
B1412,BASELINE,PHA-EUR,1790401708.0,0.076468,0.069567,7.401,1790401705.470763,NO_FILL,,,,,,,
RV:ACE-EUR|1790407884,REVALIDATION,ACE-EUR,1790407904.0,0.18732,0.17415,7.249,,FILLED,1790407887.27611,5a1c87542f245274fcb276c4032ea315bcc8145a,2026-09-26T07:21:51.477872+00:00,STRUCTURAL_RANGE_TOO_NARROW,0.1764800256698118,6.385934911558803,7.030749519538751
B1444,BASELINE,REZ-EUR,1790411414.0,0.003921,0.0037252,8.469,1790411410.599967,FILLED,,,,,,,
B1446,BASELINE,XPL-EUR,1790412431.0,0.104282,0.097805,9.254,1790412428.999122,NO_FILL,,,,,,,
B1447,BASELINE,ENJ-EUR,1790412431.0,0.027761,0.026076,6.706,1790412428.999122,NO_FILL,,,,,,,
B1449,BASELINE,ACE-EUR,1790413200.0,0.18689,0.17369,7.5,1790413197.983277,ACTIVE_POSITION,,,,,,,
B1454,BASELINE,SAGA-EUR,1790416278.0,0.030635,0.028353,7.398,1790416275.391824,FILLED,,,,,,,
B1457,BASELINE,QNT-EUR,1790417181.0,95.564,88.023,8.065,1790417179.233939,NO_FILL,,,,,,,
RV:CPOOL-EUR|1790382851,REVALIDATION,CPOOL-EUR,1790418987.0,0.032907,0.030636,7.503,,FILLED,1790418963.208176,320a4e4f1f60914e6faa173f1999d91ebac06d25,2026-09-26T00:23:58.521626+00:00,SPREAD_TOO_WIDE,0.3874313605857216,7.407520542505411,6.901267207585009
B1462,BASELINE,PHA-EUR,1790419274.0,0.070089,0.065443,7.274,1790419272.583589,FILLED,,,,,,,
B1466,BASELINE,PROM-EUR,1790421169.0,5.7963,5.3541,7.823,1790421168.767737,RISK_CAP,,,,,,,
RV:HNT-EUR|1790422624,REVALIDATION,HNT-EUR,1790422646.0,0.46405,0.4424,7.764,,FILLED,1790422625.074695,30a998587f10244615b91e00aedcf96bcf13882e,2026-09-26T11:29:40.334622+00:00,STRUCTURAL_RANGE_TOO_NARROW,0.2051392787734807,7.266247379454921,4.665445533886435
B1474,BASELINE,TLM-EUR,1790423107.0,0.0015113,0.001411,8.624,1790423104.909711,FILLED,,,,,,,
B1475,BASELINE,PTB-EUR,1790423107.0,0.000869,0.0008156,7.758,1790423104.909711,NO_FILL,,,,,,,
B1481,BASELINE,PHA-EUR,1790423895.0,0.071469,0.065797,7.229,1790423892.692009,ACTIVE_POSITION,,,,,,,
B1489,BASELINE,RARE-EUR,1790430486.0,0.020683,0.019318,7.047,1790430483.830832,FILLED,,,,,,,
B1496,BASELINE,KAS-EUR,1790433493.0,0.042,0.039199,7.561,1790433489.66755,FILLED,,,,,,,
B1501,BASELINE,ACE-EUR,1790434379.0,0.19708,0.18067,8.733,1790434376.363426,RISK_CAP,,,,,,,
RV:FIL-EUR|1790435007,REVALIDATION,FIL-EUR,1790435027.0,1.04269,0.93844,9.176,,RISK_CAP,1790435008.62479,13c970920eaa44783be62d094983974940d21af8,2026-09-26T14:52:56.363426+00:00,STRUCTURAL_RANGE_TOO_NARROW,0.25768982990546085,9.289548284024821,9.998177790138953
B1515,BASELINE,HUMA-EUR,1790437564.0,0.027347,0.024928,6.5,1790437559.582842,RISK_CAP,,,,,,,
RV:RARE-EUR|1790445195,REVALIDATION,RARE-EUR,1790445212.0,0.02031,0.018423,6.586,,RISK_CAP,1790445197.072912,422ad4efc9324f5c2ae0376d3e0a68b78115aac8,2026-09-26T17:44:26.553516+00:00,STRUCTURAL_STOP_TOO_WIDE,0.13311640289899174,9.245164105298892,9.290989660265895
B1551,BASELINE,LAPTOP-EUR,1790451066.0,0.07273,0.06612,8.432,1790451064.414016,RISK_CAP,,,,,,,
B1583,BASELINE,QNT-EUR,1790461569.0,114.357,103.137,7.531,1790461565.861246,RIGHT_CENSORED,,,,,,,
RV:PEAQ-EUR|1790461857,REVALIDATION,PEAQ-EUR,1790466977.0,0.039605,0.036874,7.676,,RIGHT_CENSORED,1790466955.215718,28a17cbb379207eacb09485fae5ec85ecb9dcd8a,2026-09-26T22:26:05.861246+00:00,STRUCTURAL_RANGE_TOO_NARROW,0.15172588190670577,6.685593688759351,6.895593990657756
