id,source,market,ts,quote,stop,score,status
B812,BASELINE,CHR-EUR,1790214968.740072,0.019037,0.018152,8.52,FILLED
B814,BASELINE,SAGA-EUR,1790216182.693982,0.042638,0.039841,8.03,FILLED
B818,BASELINE,KMNO-EUR,1790217273.028774,0.032992,0.030626,7.896,FILLED
B826,BASELINE,WIF-EUR,1790219127.158837,0.21905,0.2034,7.143,FILLED
B837,BASELINE,ARK-EUR,1790224697.497457,0.14951,0.13887,6.885,FILLED
B860,BASELINE,VTHO-EUR,1790229622.289717,0.00068664,0.00063508,8.66,NO_FILL
B867,BASELINE,CVC-EUR,1790233548.867252,0.026999,0.025691,6.713,FILLED
B873,BASELINE,PROM-EUR,1790238141.934006,4.8107,4.519,8.039,FILLED
B874,BASELINE,CNPY-EUR,1790238141.934006,0.38481,0.35882,7.955,NO_FILL
B898,BASELINE,ONDO-EUR,1790252545.353656,0.40336,0.36475,8.5,FILLED
B900,BASELINE,PEAQ-EUR,1790253883.48606,0.033915,0.031313,8.035,FILLED
B903,BASELINE,HUMA-EUR,1790254883.134218,0.022305,0.020849,8.555,FILLED
B923,BASELINE,LAPTOP-EUR,1790258364.097639,0.06495,0.05873,10.0,NO_FILL
B922,BASELINE,QNT-EUR,1790258364.097639,69.091,62.916,8.431,FILLED
B944,BASELINE,ETC-EUR,1790259746.517188,8.9214,8.112,10.0,FILLED
B945,BASELINE,SYRUP-EUR,1790259746.517188,0.19144,0.17476,9.089,FILLED
B968,BASELINE,NEAR-EUR,1790260932.992751,4.114,3.8012,8.333,FILLED
B969,BASELINE,APT-EUR,1790260932.992751,0.7374,0.6725,6.533,FILLED
B987,BASELINE,CFG-EUR,1790264440.010702,0.138449,0.125557,7.35,FILLED
B988,BASELINE,XAI-EUR,1790264440.010702,0.0077029,0.0069863,7.068,NO_FILL
B996,BASELINE,NOM-EUR,1790265353.263467,0.0020723,0.0019372,6.983,FILLED
B1039,BASELINE,PIXEL-EUR,1790272686.173883,0.0053336,0.0048523,8.951,FILLED
B1067,BASELINE,XPL-EUR,1790278781.406029,0.093576,0.086728,8.005,FILLED
B1071,BASELINE,CHIP-EUR,1790279416.625769,0.042277,0.038903,8.366,NO_FILL
B1107,BASELINE,DYM-EUR,1790292457.446194,0.018617,0.017292,6.953,FILLED
B1123,BASELINE,SYN-EUR,1790303132.116355,0.19645,0.179825,7.102,NO_FILL
B1138,BASELINE,NOM-EUR,1790310479.245914,0.0018563,0.0017433,8.409,FILLED
B1146,BASELINE,MOVR-EUR,1790312456.945382,0.8407,0.7806,8.853,NO_FILL
B1159,BASELINE,PHA-EUR,1790315711.62313,0.046256,0.043109,8.5,NO_FILL
B1168,BASELINE,AXS-EUR,1790320127.319059,1.0484,0.9837,6.647,NO_FILL
B1200,BASELINE,AERO-EUR,1790328978.732831,0.67746,0.62895,9.457,FILLED
B1222,BASELINE,CHILLGUY-EUR,1790333257.049015,0.0122019,0.011441,8.847,FILLED
B1236,BASELINE,ENA-EUR,1790335311.763778,0.21078,0.19272,9.067,FILLED
B1240,BASELINE,SUI-EUR,1790336413.623576,0.99616,0.90229,6.867,FILLED
B1262,BASELINE,USELESS-EUR,1790340186.453981,0.26353,0.248218,7.563,FILLED
B1265,BASELINE,EDGE-EUR,1790343771.24849,0.08534,0.080424,8.917,NO_FILL
B1295,BASELINE,WMTX-EUR,1790352837.545995,0.023091,0.020867,7.948,FILLED
B1296,BASELINE,ZK-EUR,1790352837.545995,0.011571,0.010689,7.315,FILLED
B1304,BASELINE,GRASS-EUR,1790354103.356459,0.45333,0.41611,6.936,NO_FILL
B1314,BASELINE,SAGA-EUR,1790357277.647324,0.032259,0.029863,7.847,FILLED
B1315,BASELINE,BEAM-EUR,1790357277.647324,0.0019707,0.0018175,6.71,FILLED
B1320,BASELINE,EPIC-EUR,1790359206.66896,0.431,0.41525,6.914,FILLED
B1333,BASELINE,EIGEN-EUR,1790364812.0782,0.22511,0.21352,7.709,FILLED
B1342,BASELINE,RARE-EUR,1790371968.048104,0.014528,0.013373,6.719,FILLED
B1354,BASELINE,ARK-EUR,1790376843.865013,0.22884,0.20648,8.994,NO_FILL
B1387,BASELINE,ARK-EUR,1790390513.848664,0.23085,0.20924,7.95,FILLED
B1411,BASELINE,ATH-EUR,1790401705.470763,0.0057324,0.0053703,7.672,FILLED
B1412,BASELINE,PHA-EUR,1790401705.470763,0.076468,0.069567,7.401,NO_FILL
B1444,BASELINE,REZ-EUR,1790411410.599967,0.003921,0.0037252,8.469,FILLED
B1446,BASELINE,XPL-EUR,1790412428.999122,0.104282,0.097805,9.254,NO_FILL
B1447,BASELINE,ENJ-EUR,1790412428.999122,0.027761,0.026076,6.706,NO_FILL
B1449,BASELINE,ACE-EUR,1790413197.983277,0.18689,0.17369,7.5,FILLED
B1454,BASELINE,SAGA-EUR,1790416275.391824,0.030635,0.028353,7.398,FILLED
B1457,BASELINE,QNT-EUR,1790417179.233939,95.564,88.023,8.065,NO_FILL
B1462,BASELINE,PHA-EUR,1790419272.583589,0.070089,0.065443,7.274,FILLED
B1466,BASELINE,PROM-EUR,1790421168.767737,5.7963,5.3541,7.823,FILLED
B1474,BASELINE,TLM-EUR,1790423104.909711,0.0015113,0.001411,8.624,FILLED
B1475,BASELINE,PTB-EUR,1790423104.909711,0.000869,0.0008156,7.758,NO_FILL
B1481,BASELINE,PHA-EUR,1790423892.692009,0.071469,0.065797,7.229,ACTIVE_POSITION
B1489,BASELINE,RARE-EUR,1790430483.830832,0.020683,0.019318,7.047,FILLED
B1496,BASELINE,KAS-EUR,1790433489.66755,0.042,0.039199,7.561,FILLED
B1501,BASELINE,ACE-EUR,1790434376.363426,0.19708,0.18067,8.733,FILLED
B1515,BASELINE,HUMA-EUR,1790437559.582842,0.027347,0.024928,6.5,FILLED
B1551,BASELINE,LAPTOP-EUR,1790451064.414016,0.07273,0.06612,8.432,FILLED
B1583,BASELINE,QNT-EUR,1790461565.861246,114.357,103.137,7.531,RIGHT_CENSORED
