id,source,market,ts,quote,stop,score,journal_ts,status
B812,BASELINE,CHR-EUR,1790214970.0,0.019037,0.018152,8.52,1790214968.740072,FILLED
B814,BASELINE,SAGA-EUR,1790216185.0,0.042638,0.039841,8.03,1790216182.693982,FILLED
B818,BASELINE,KMNO-EUR,1790217276.0,0.032992,0.030626,7.896,1790217273.028774,RISK_CAP
B826,BASELINE,WIF-EUR,1790219129.0,0.21905,0.2034,7.143,1790219127.158837,FILLED
B837,BASELINE,ARK-EUR,1790224699.0,0.14951,0.13887,6.885,1790224697.497457,FILLED
B860,BASELINE,VTHO-EUR,1790229627.0,0.00068664,0.00063508,8.66,1790229622.289717,NO_FILL
B867,BASELINE,CVC-EUR,1790233552.0,0.026999,0.025691,6.713,1790233548.867252,FILLED
B873,BASELINE,PROM-EUR,1790238145.0,4.8107,4.519,8.039,1790238141.934006,FILLED
B874,BASELINE,CNPY-EUR,1790238145.0,0.38481,0.35882,7.955,1790238141.934006,NO_FILL
B898,BASELINE,ONDO-EUR,1790252549.0,0.40336,0.36475,8.5,1790252545.353656,RISK_CAP
B900,BASELINE,PEAQ-EUR,1790253885.0,0.033915,0.031313,8.035,1790253883.48606,RISK_CAP
B903,BASELINE,HUMA-EUR,1790254885.0,0.022305,0.020849,8.555,1790254883.134218,FILLED
B923,BASELINE,LAPTOP-EUR,1790258366.0,0.06495,0.05873,10.0,1790258364.097639,NO_FILL
B922,BASELINE,QNT-EUR,1790258366.0,69.091,62.916,8.431,1790258364.097639,RISK_CAP
B944,BASELINE,ETC-EUR,1790259759.0,8.9214,8.112,10.0,1790259746.517188,RISK_CAP
B945,BASELINE,SYRUP-EUR,1790259759.0,0.19144,0.17476,9.089,1790259746.517188,RISK_CAP
B968,BASELINE,NEAR-EUR,1790260941.0,4.114,3.8012,8.333,1790260932.992751,FILLED
B969,BASELINE,APT-EUR,1790260941.0,0.7374,0.6725,6.533,1790260932.992751,RISK_CAP
B987,BASELINE,CFG-EUR,1790264444.0,0.138449,0.125557,7.35,1790264440.010702,RISK_CAP
B988,BASELINE,XAI-EUR,1790264444.0,0.0077029,0.0069863,7.068,1790264440.010702,NO_FILL
B996,BASELINE,NOM-EUR,1790265356.0,0.0020723,0.0019372,6.983,1790265353.263467,FILLED
B1039,BASELINE,PIXEL-EUR,1790272688.0,0.0053336,0.0048523,8.951,1790272686.173883,RISK_CAP
B1067,BASELINE,XPL-EUR,1790278786.0,0.093576,0.086728,8.005,1790278781.406029,RISK_CAP
B1071,BASELINE,CHIP-EUR,1790279419.0,0.042277,0.038903,8.366,1790279416.625769,NO_FILL
B1107,BASELINE,DYM-EUR,1790292458.0,0.018617,0.017292,6.953,1790292457.446194,FILLED
B1123,BASELINE,SYN-EUR,1790303133.0,0.19645,0.179825,7.102,1790303132.116355,NO_FILL
B1138,BASELINE,NOM-EUR,1790310481.0,0.0018563,0.0017433,8.409,1790310479.245914,FILLED
B1146,BASELINE,MOVR-EUR,1790312462.0,0.8407,0.7806,8.853,1790312456.945382,NO_FILL
B1159,BASELINE,PHA-EUR,1790315714.0,0.046256,0.043109,8.5,1790315711.62313,NO_FILL
B1168,BASELINE,AXS-EUR,1790320131.0,1.0484,0.9837,6.647,1790320127.319059,NO_FILL
B1200,BASELINE,AERO-EUR,1790328982.0,0.67746,0.62895,9.457,1790328978.732831,FILLED
B1222,BASELINE,CHILLGUY-EUR,1790333258.0,0.0122019,0.011441,8.847,1790333257.049015,FILLED
B1236,BASELINE,ENA-EUR,1790335316.0,0.21078,0.19272,9.067,1790335311.763778,RISK_CAP
B1240,BASELINE,SUI-EUR,1790336414.0,0.99616,0.90229,6.867,1790336413.623576,RISK_CAP
B1262,BASELINE,USELESS-EUR,1790340192.0,0.26353,0.248218,7.563,1790340186.453981,FILLED
B1265,BASELINE,EDGE-EUR,1790343774.0,0.08534,0.080424,8.917,1790343771.24849,NO_FILL
B1295,BASELINE,WMTX-EUR,1790352842.0,0.023091,0.020867,7.948,1790352837.545995,RISK_CAP
B1296,BASELINE,ZK-EUR,1790352842.0,0.011571,0.010689,7.315,1790352837.545995,FILLED
B1304,BASELINE,GRASS-EUR,1790354110.0,0.45333,0.41611,6.936,1790354103.356459,NO_FILL
B1314,BASELINE,SAGA-EUR,1790357280.0,0.032259,0.029863,7.847,1790357277.647324,FILLED
B1315,BASELINE,BEAM-EUR,1790357280.0,0.0019707,0.0018175,6.71,1790357277.647324,FILLED
B1320,BASELINE,EPIC-EUR,1790359209.0,0.431,0.41525,6.914,1790359206.66896,FILLED
B1333,BASELINE,EIGEN-EUR,1790364815.0,0.22511,0.21352,7.709,1790364812.0782,FILLED
B1342,BASELINE,RARE-EUR,1790371970.0,0.014528,0.013373,6.719,1790371968.048104,FILLED
B1354,BASELINE,ARK-EUR,1790376847.0,0.22884,0.20648,8.994,1790376843.865013,NO_FILL
B1387,BASELINE,ARK-EUR,1790390515.0,0.23085,0.20924,7.95,1790390513.848664,RISK_CAP
B1411,BASELINE,ATH-EUR,1790401708.0,0.0057324,0.0053703,7.672,1790401705.470763,FILLED
B1412,BASELINE,PHA-EUR,1790401708.0,0.076468,0.069567,7.401,1790401705.470763,NO_FILL
B1444,BASELINE,REZ-EUR,1790411414.0,0.003921,0.0037252,8.469,1790411410.599967,FILLED
B1446,BASELINE,XPL-EUR,1790412431.0,0.104282,0.097805,9.254,1790412428.999122,NO_FILL
B1447,BASELINE,ENJ-EUR,1790412431.0,0.027761,0.026076,6.706,1790412428.999122,NO_FILL
B1449,BASELINE,ACE-EUR,1790413200.0,0.18689,0.17369,7.5,1790413197.983277,FILLED
B1454,BASELINE,SAGA-EUR,1790416278.0,0.030635,0.028353,7.398,1790416275.391824,FILLED
B1457,BASELINE,QNT-EUR,1790417181.0,95.564,88.023,8.065,1790417179.233939,NO_FILL
B1462,BASELINE,PHA-EUR,1790419274.0,0.070089,0.065443,7.274,1790419272.583589,FILLED
B1466,BASELINE,PROM-EUR,1790421169.0,5.7963,5.3541,7.823,1790421168.767737,RISK_CAP
B1474,BASELINE,TLM-EUR,1790423107.0,0.0015113,0.001411,8.624,1790423104.909711,FILLED
B1475,BASELINE,PTB-EUR,1790423107.0,0.000869,0.0008156,7.758,1790423104.909711,NO_FILL
B1481,BASELINE,PHA-EUR,1790423895.0,0.071469,0.065797,7.229,1790423892.692009,ACTIVE_POSITION
B1489,BASELINE,RARE-EUR,1790430486.0,0.020683,0.019318,7.047,1790430483.830832,FILLED
B1496,BASELINE,KAS-EUR,1790433493.0,0.042,0.039199,7.561,1790433489.66755,FILLED
B1501,BASELINE,ACE-EUR,1790434379.0,0.19708,0.18067,8.733,1790434376.363426,RISK_CAP
B1515,BASELINE,HUMA-EUR,1790437564.0,0.027347,0.024928,6.5,1790437559.582842,RISK_CAP
B1551,BASELINE,LAPTOP-EUR,1790451066.0,0.07273,0.06612,8.432,1790451064.414016,RISK_CAP
B1583,BASELINE,QNT-EUR,1790461569.0,114.357,103.137,7.531,1790461565.861246,RIGHT_CENSORED
