id,source,market,ts,quote,stop,score,status,journal_ts
R302,RANGE5,LSK-EUR,1790206901.5786781,0.31604,0.28992,7.867,FILLED,
B812,BASELINE,CHR-EUR,1790214970.0,0.019037,0.018152,8.52,FILLED,1790214968.740072
B814,BASELINE,SAGA-EUR,1790216185.0,0.042638,0.039841,8.03,FILLED,1790216182.693982
B818,BASELINE,KMNO-EUR,1790217276.0,0.032992,0.030626,7.896,FILLED,1790217273.028774
B826,BASELINE,WIF-EUR,1790219129.0,0.21905,0.2034,7.143,FILLED,1790219127.158837
B837,BASELINE,ARK-EUR,1790224699.0,0.14951,0.13887,6.885,FILLED,1790224697.497457
B860,BASELINE,VTHO-EUR,1790229627.0,0.00068664,0.00063508,8.66,NO_FILL,1790229622.289717
B867,BASELINE,CVC-EUR,1790233552.0,0.026999,0.025691,6.713,FILLED,1790233548.867252
R353,RANGE5,CVC-EUR,1790235900.5067348,0.02757,0.025873,7.43,ACTIVE_POSITION,
B873,BASELINE,PROM-EUR,1790238145.0,4.8107,4.519,8.039,FILLED,1790238141.934006
B874,BASELINE,CNPY-EUR,1790238145.0,0.38481,0.35882,7.955,NO_FILL,1790238141.934006
R359,RANGE5,GWEI-EUR,1790244924.4275665,0.020768,0.019738,8.663,NO_FILL,
B898,BASELINE,ONDO-EUR,1790252549.0,0.40336,0.36475,8.5,FILLED,1790252545.353656
R368,RANGE5,CFG-EUR,1790252633.935085,0.124684,0.117845,8.092,FILLED,
B900,BASELINE,PEAQ-EUR,1790253885.0,0.033915,0.031313,8.035,FILLED,1790253883.48606
B903,BASELINE,HUMA-EUR,1790254885.0,0.022305,0.020849,8.555,FILLED,1790254883.134218
R379,RANGE5,RSR-EUR,1790257531.223354,0.0015255,0.0014464,7.795,FILLED,
B923,BASELINE,LAPTOP-EUR,1790258366.0,0.06495,0.05873,10.0,NO_FILL,1790258364.097639
B922,BASELINE,QNT-EUR,1790258366.0,69.091,62.916,8.431,FILLED,1790258364.097639
B944,BASELINE,ETC-EUR,1790259759.0,8.9214,8.112,10.0,PORTFOLIO_CAP,1790259746.517188
B945,BASELINE,SYRUP-EUR,1790259759.0,0.19144,0.17476,9.089,PORTFOLIO_CAP,1790259746.517188
R383,RANGE5,APT-EUR,1790259855.8735049,0.7281,0.6714,6.571,PORTFOLIO_CAP,
B968,BASELINE,NEAR-EUR,1790260941.0,4.114,3.8012,8.333,FILLED,1790260932.992751
B969,BASELINE,APT-EUR,1790260941.0,0.7374,0.6725,6.533,PORTFOLIO_CAP,1790260932.992751
R400,RANGE5,2Z-EUR,1790261028.2022357,0.048107,0.045657,6.673,PORTFOLIO_CAP,
R401,RANGE5,AIXBT-EUR,1790261029.1189296,0.020013,0.019,6.542,PORTFOLIO_CAP,
R402,RANGE5,CETUS-EUR,1790261029.850634,0.024828,0.023076,9.515,PORTFOLIO_CAP,
R408,RANGE5,IO-EUR,1790261032.6699233,0.13848,0.13022,8.071,PORTFOLIO_CAP,
B987,BASELINE,CFG-EUR,1790264444.0,0.138449,0.125557,7.35,ACTIVE_POSITION,1790264440.010702
B988,BASELINE,XAI-EUR,1790264444.0,0.0077029,0.0069863,7.068,PORTFOLIO_CAP,1790264440.010702
B996,BASELINE,NOM-EUR,1790265356.0,0.0020723,0.0019372,6.983,PORTFOLIO_CAP,1790265353.263467
R425,RANGE5,PYTH-EUR,1790265459.3276386,0.061797,0.057021,6.739,PORTFOLIO_CAP,
R436,RANGE5,MOG-EUR,1790268899.0473115,1.1319e-07,1.0533e-07,7.283,PORTFOLIO_CAP,
R439,RANGE5,MOG-EUR,1790271040.4795651,1.1333e-07,1.066e-07,7.137,PORTFOLIO_CAP,
B1039,BASELINE,PIXEL-EUR,1790272688.0,0.0053336,0.0048523,8.951,PORTFOLIO_CAP,1790272686.173883
B1067,BASELINE,XPL-EUR,1790278786.0,0.093576,0.086728,8.005,PORTFOLIO_CAP,1790278781.406029
B1071,BASELINE,CHIP-EUR,1790279419.0,0.042277,0.038903,8.366,PORTFOLIO_CAP,1790279416.625769
R459,RANGE5,CHIP-EUR,1790286609.6901612,0.043602,0.041238,9.136,PORTFOLIO_CAP,
B1107,BASELINE,DYM-EUR,1790292458.0,0.018617,0.017292,6.953,PORTFOLIO_CAP,1790292457.446194
B1123,BASELINE,SYN-EUR,1790303133.0,0.19645,0.179825,7.102,NO_FILL,1790303132.116355
R476,RANGE5,WMTX-EUR,1790309450.4506807,0.018963,0.017807,6.761,FILLED,
B1138,BASELINE,NOM-EUR,1790310481.0,0.0018563,0.0017433,8.409,FILLED,1790310479.245914
R479,RANGE5,XAI-EUR,1790310768.6477816,0.0082359,0.0077497,7.612,PORTFOLIO_CAP,
R480,RANGE5,ACE-EUR,1790311941.8441436,0.17054,0.16051,7.95,FILLED,
B1146,BASELINE,MOVR-EUR,1790312462.0,0.8407,0.7806,8.853,PORTFOLIO_CAP,1790312456.945382
B1159,BASELINE,PHA-EUR,1790315714.0,0.046256,0.043109,8.5,NO_FILL,1790315711.62313
R489,RANGE5,XPL-EUR,1790317434.3945434,0.104283,0.098848,7.796,FILLED,
B1168,BASELINE,AXS-EUR,1790320131.0,1.0484,0.9837,6.647,NO_FILL,1790320127.319059
R506,RANGE5,NOM-EUR,1790326942.203354,0.0019614,0.0018637,7.728,ACTIVE_POSITION,
B1200,BASELINE,AERO-EUR,1790328982.0,0.67746,0.62895,9.457,FILLED,1790328978.732831
B1222,BASELINE,CHILLGUY-EUR,1790333258.0,0.0122019,0.011441,8.847,FILLED,1790333257.049015
R521,RANGE5,HUMA-EUR,1790334353.2378154,0.024007,0.022519,6.704,PORTFOLIO_CAP,
B1236,BASELINE,ENA-EUR,1790335316.0,0.21078,0.19272,9.067,PORTFOLIO_CAP,1790335311.763778
R525,RANGE5,JUP-EUR,1790335661.318506,0.29,0.2742,6.979,PORTFOLIO_CAP,
R529,RANGE5,SUI-EUR,1790335662.8620896,0.99574,0.90229,9.321,PORTFOLIO_CAP,
R530,RANGE5,UNI-EUR,1790335663.4155095,8.3798,8.078,6.867,PORTFOLIO_CAP,
B1240,BASELINE,SUI-EUR,1790336414.0,0.99616,0.90229,6.867,PORTFOLIO_CAP,1790336413.623576
B1262,BASELINE,USELESS-EUR,1790340192.0,0.26353,0.248218,7.563,FILLED,1790340186.453981
B1265,BASELINE,EDGE-EUR,1790343774.0,0.08534,0.080424,8.917,NO_FILL,1790343771.24849
B1295,BASELINE,WMTX-EUR,1790352842.0,0.023091,0.020867,7.948,FILLED,1790352837.545995
B1296,BASELINE,ZK-EUR,1790352842.0,0.011571,0.010689,7.315,FILLED,1790352837.545995
B1304,BASELINE,GRASS-EUR,1790354110.0,0.45333,0.41611,6.936,NO_FILL,1790354103.356459
R553,RANGE5,AAVE-EUR,1790354504.8042986,134.99,127.83,7.978,FILLED,
R556,RANGE5,HUMA-EUR,1790354506.9660137,0.023419,0.021595,7.999,NO_FILL,
R559,RANGE5,XPL-EUR,1790354508.3295584,0.09929,0.092652,7.258,FILLED,
B1314,BASELINE,SAGA-EUR,1790357280.0,0.032259,0.029863,7.847,FILLED,1790357277.647324
B1315,BASELINE,BEAM-EUR,1790357280.0,0.0019707,0.0018175,6.71,PORTFOLIO_CAP,1790357277.647324
B1320,BASELINE,EPIC-EUR,1790359209.0,0.431,0.41525,6.914,PORTFOLIO_CAP,1790359206.66896
B1333,BASELINE,EIGEN-EUR,1790364815.0,0.22511,0.21352,7.709,PORTFOLIO_CAP,1790364812.0782
R573,RANGE5,EIGEN-EUR,1790366842.279783,0.23067,0.21446,6.688,PORTFOLIO_CAP,
R576,RANGE5,WLD-EUR,1790369019.0501597,0.42567,0.40143,6.736,PORTFOLIO_CAP,
B1342,BASELINE,RARE-EUR,1790371970.0,0.014528,0.013373,6.719,PORTFOLIO_CAP,1790371968.048104
B1354,BASELINE,ARK-EUR,1790376847.0,0.22884,0.20648,8.994,PORTFOLIO_CAP,1790376843.865013
B1387,BASELINE,ARK-EUR,1790390515.0,0.23085,0.20924,7.95,RIGHT_CENSORED,1790390513.848664
B1411,BASELINE,ATH-EUR,1790401708.0,0.0057324,0.0053703,7.672,RIGHT_CENSORED,1790401705.470763
B1412,BASELINE,PHA-EUR,1790401708.0,0.076468,0.069567,7.401,RIGHT_CENSORED,1790401705.470763
R614,RANGE5,STX-EUR,1790408947.421613,0.30324,0.28676,7.693,RIGHT_CENSORED,
B1444,BASELINE,REZ-EUR,1790411414.0,0.003921,0.0037252,8.469,RIGHT_CENSORED,1790411410.599967
B1446,BASELINE,XPL-EUR,1790412431.0,0.104282,0.097805,9.254,ACTIVE_POSITION,1790412428.999122
B1447,BASELINE,ENJ-EUR,1790412431.0,0.027761,0.026076,6.706,RIGHT_CENSORED,1790412428.999122
B1449,BASELINE,ACE-EUR,1790413200.0,0.18689,0.17369,7.5,RIGHT_CENSORED,1790413197.983277
B1454,BASELINE,SAGA-EUR,1790416278.0,0.030635,0.028353,7.398,RIGHT_CENSORED,1790416275.391824
B1457,BASELINE,QNT-EUR,1790417181.0,95.564,88.023,8.065,RIGHT_CENSORED,1790417179.233939
B1462,BASELINE,PHA-EUR,1790419274.0,0.070089,0.065443,7.274,RIGHT_CENSORED,1790419272.583589
B1466,BASELINE,PROM-EUR,1790421169.0,5.7963,5.3541,7.823,RIGHT_CENSORED,1790421168.767737
B1474,BASELINE,TLM-EUR,1790423107.0,0.0015113,0.001411,8.624,RIGHT_CENSORED,1790423104.909711
B1475,BASELINE,PTB-EUR,1790423107.0,0.000869,0.0008156,7.758,RIGHT_CENSORED,1790423104.909711
B1481,BASELINE,PHA-EUR,1790423895.0,0.071469,0.065797,7.229,RIGHT_CENSORED,1790423892.692009
R632,RANGE5,TAO-EUR,1790424497.5622907,291.43,273.47,7.056,RIGHT_CENSORED,
B1489,BASELINE,RARE-EUR,1790430486.0,0.020683,0.019318,7.047,RIGHT_CENSORED,1790430483.830832
B1496,BASELINE,KAS-EUR,1790433493.0,0.042,0.039199,7.561,RIGHT_CENSORED,1790433489.66755
B1501,BASELINE,ACE-EUR,1790434379.0,0.19708,0.18067,8.733,RIGHT_CENSORED,1790434376.363426
B1515,BASELINE,HUMA-EUR,1790437564.0,0.027347,0.024928,6.5,RIGHT_CENSORED,1790437559.582842
R648,RANGE5,CHIP-EUR,1790438125.9666147,0.045342,0.042243,7.243,RIGHT_CENSORED,
R650,RANGE5,EPIC-EUR,1790438127.3586967,0.44655,0.41835,7.436,RIGHT_CENSORED,
R651,RANGE5,ETHFI-EUR,1790438128.0850549,0.67843,0.63426,8.249,RIGHT_CENSORED,
R656,RANGE5,TRIA-EUR,1790440063.8992317,0.00388,0.003739,9.428,RIGHT_CENSORED,
R661,RANGE5,GRASS-EUR,1790445965.976882,0.49104,0.45168,7.936,RIGHT_CENSORED,
B1551,BASELINE,LAPTOP-EUR,1790451066.0,0.07273,0.06612,8.432,RIGHT_CENSORED,1790451064.414016
B1583,BASELINE,QNT-EUR,1790461569.0,114.357,103.137,7.531,RIGHT_CENSORED,1790461565.861246
R683,RANGE5,NIL-EUR,1790466946.5500073,0.091761,0.083817,6.851,RIGHT_CENSORED,
