policy,stake,horizon,cohort,trades,markets,wins,losses,pnl,expectancy,median_mfe,median_mae,stops
F_Baseline,100,4,10_winners,4,3,1,3,-10.529006754928758,-2.6322516887321896,3.9986338774138153,-6.461917379214244,2
F_Baseline,100,4,negative_controls,42,35,14,28,-53.741279921905445,-1.2795542838548914,3.515976194063164,-3.706622377402091,6
F_C1_range5,100,4,10_winners,5,4,2,3,-4.509944123753883,-0.9019888247507766,6.989566161392791,-3.872562482834352,2
F_C1_range5,100,4,negative_controls,59,47,21,38,-58.20577485710123,-0.9865385569000209,3.1237602589820668,-3.4680108623770467,7
F_C2_v31,100,4,10_winners,13,5,4,9,3.8752529695315445,0.29809638227165725,1.839682952699051,-2.6851316757941723,2
F_C2_v31,100,4,negative_controls,111,77,44,67,-48.40940155408863,-0.4361207347215192,2.656761612478742,-2.649176830402311,17
F_C3_revalidation,100,4,10_winners,6,4,1,5,-20.602693858170454,-3.4337823096950757,3.0331711941568584,-6.202754513177217,2
F_C3_revalidation,100,4,negative_controls,48,41,17,31,-57.218816140402424,-1.1920586695917172,3.449127020413123,-3.80427459377779,7
F_Baseline,100,24,10_winners,3,3,1,2,8.360548334960114,2.786849444986705,33.45411161323801,-5.07377818556064,1
F_Baseline,100,24,negative_controls,24,23,8,16,-0.6790418358519901,-0.028293409827166254,9.848913101363522,-4.8858627082636,11
F_C1_range5,100,24,10_winners,2,2,1,1,15.760898881211318,7.880449440605659,18.337077205160057,-3.1842656371927345,0
F_C1_range5,100,24,negative_controls,25,22,12,13,20.323559635166447,0.8129423854066579,10.56986884907236,-4.087002657635653,10
F_C2_v31,100,24,10_winners,1,1,0,1,-0.3965193020117823,-0.3965193020117823,5.688230166220709,-2.8039118366089633,0
F_C2_v31,100,24,negative_controls,28,27,15,13,19.950731494738662,0.7125261248120951,9.85119281625021,-3.714588853087719,11
F_C3_revalidation,100,24,10_winners,2,2,1,1,15.760898881211318,7.880449440605659,18.337077205160057,-3.1842656371927345,0
F_C3_revalidation,100,24,negative_controls,24,23,9,15,6.950611818153007,0.2896088257563753,10.382982839829824,-4.472627550224045,10
F_full_Baseline,100,4,10_winners,7,4,4,3,-2.8503873701284164,-0.4071981957326309,6.775002131120922,-3.2679382873935237,2
F_full_Baseline,100,4,negative_controls,88,71,27,61,-115.31790555967602,-1.3104307449963184,3.3287541959991174,-3.753147722712807,16
F_full_C1,100,4,10_winners,8,5,5,3,3.1686752610464595,0.39608440763080743,6.882284146256856,-2.2813456881091767,2
F_full_C1,100,4,negative_controls,124,91,40,84,-135.94930146483102,-1.0963653343937987,2.9423666820152294,-3.405761057425638,21
F_full_C3,100,4,10_winners,9,5,4,5,-12.924074473370112,-1.4360082748189014,5.817226439794543,-3.872562482834352,2
F_full_C3,100,4,negative_controls,100,77,31,69,-136.70774670857566,-1.3670774670857566,3.305883650728314,-3.8875354254975845,19
F_Baseline,150,4,10_winners,2,1,0,2,-21.903210784770806,-10.951605392385403,3.9986338774138153,-9.154501854124085,2
F_Baseline,150,4,negative_controls,26,23,9,17,-60.68991603492461,-2.3342275398047927,3.2978789123329966,-3.4959276868542166,5
F_C1_range5,150,4,10_winners,3,2,1,2,-12.874616838008478,-4.291538946002826,6.989566161392791,-9.051272275594135,2
F_C1_range5,150,4,negative_controls,46,39,14,32,-102.8332823496213,-2.2355061380352454,2.7655811415728926,-3.180572474935067,7
F_C2_v31,150,4,10_winners,12,5,4,8,5.151797873402984,0.42931648945024864,2.5031145153716183,-2.467814327817952,2
F_C2_v31,150,4,negative_controls,100,70,41,59,-59.76400044944356,-0.5976400044944356,2.3141528216588547,-2.4857525259423916,15
F_C3_revalidation,150,4,10_winners,2,1,0,2,-21.903210784770806,-10.951605392385403,3.9986338774138153,-9.154501854124085,2
F_C3_revalidation,150,4,negative_controls,32,28,13,19,-56.48130917259738,-1.765040911643668,3.2734612368384375,-3.4959276868542166,6
F_Baseline,150,24,10_winners,1,1,0,1,-11.100525819376799,-11.100525819376799,54.22134521221058,-9.601590098068701,1
F_Baseline,150,24,negative_controls,19,17,6,13,-41.58205948522095,-2.1885294465905765,9.501729372139756,-5.028883634658432,10
F_C1_range5,150,24,10_winners,2,2,1,1,-5.695289248421091,-2.8476446242105453,34.89793129771618,-5.5868885218074595,1
F_C1_range5,150,24,negative_controls,27,25,10,17,-50.57759426082919,-1.8732442318825624,5.992068970219067,-4.202413318579323,12
F_C2_v31,150,24,10_winners,2,2,1,1,36.09801807136981,18.049009035684904,23.18751332856285,-1.4519059682545299,0
F_C2_v31,150,24,negative_controls,27,25,14,13,25.951734064291344,0.9611753357144942,9.501729372139756,-3.715764887027373,10
F_C3_revalidation,150,24,10_winners,1,1,0,1,-11.100525819376799,-11.100525819376799,54.22134521221058,-9.601590098068701,1
F_C3_revalidation,150,24,negative_controls,22,19,8,14,-51.529085501725916,-2.34223115916936,7.870766235194694,-4.8858627082636,11
F_full_Baseline,150,4,10_winners,4,3,2,2,-10.926729178759956,-2.731682294689989,6.296114285457732,-6.159605281493829,2
F_full_Baseline,150,4,negative_controls,50,44,13,37,-145.00940945202865,-2.900188189040573,3.05589220837279,-3.6972845554912483,13
F_full_C1,150,4,10_winners,5,4,3,2,-1.8981352319976281,-0.3796270463995256,6.775002131120922,-3.2679382873935237,2
F_full_C1,150,4,negative_controls,91,74,25,66,-204.6470179783394,-2.248868329432301,2.5575552104394106,-3.1802028224210743,18
F_full_C3,150,4,10_winners,4,3,2,2,-10.926729178759956,-2.731682294689989,6.296114285457732,-6.159605281493829,2
F_full_C3,150,4,negative_controls,59,49,18,41,-139.17884601697074,-2.3589634918130633,3.1237602589820668,-3.7462249897482924,15
