policy,stake,horizon,extra_trades,extra_losers,displaced,displaced_losers,extra_targets
F_C1_range5,100,4,21,13,3,3,"[""2Z-EUR""]"
F_C2_v31,100,4,89,52,11,7,"[""AMP-EUR"", ""TREAD-EUR""]"
F_C3_revalidation,100,4,9,5,1,0,"[""2Z-EUR""]"
F_C1_range5,100,24,8,3,8,7,[]
F_C2_v31,100,24,17,7,15,11,[]
F_C3_revalidation,100,24,1,0,2,2,[]
F_full_C1,100,4,41,27,4,4,"[""2Z-EUR""]"
F_full_C3,100,4,15,10,1,0,"[""2Z-EUR""]"
F_C1_range5,150,4,21,15,0,0,"[""2Z-EUR""]"
F_C2_v31,150,4,87,49,3,1,"[""2Z-EUR"", ""KMNO-EUR"", ""QNT-EUR"", ""TREAD-EUR""]"
F_C3_revalidation,150,4,7,2,1,0,[]
F_C1_range5,150,24,12,5,3,1,"[""2Z-EUR""]"
F_C2_v31,150,24,18,6,9,6,"[""KMNO-EUR"", ""QNT-EUR""]"
F_C3_revalidation,150,24,4,1,1,0,[]
F_full_C1,150,4,42,29,0,0,"[""2Z-EUR""]"
F_full_C3,150,4,10,4,1,0,[]
