policy,stake,horizon_hours,signals,fills,wins,losses,win_rate_pct,expectancy_eur,net_pnl_eur,buy_turnover_eur,gross_turnover_eur,mtm_drawdown_eur,max_concurrent,stops,targets_captured,dispositions,zero_volume_entry_bars
F_Baseline,100,4,65,46,15,31,32.608695652173914,-1.3971801451485697,-64.2702866768342,4600,9147.09745696558,70.14148878228661,9,8,"[""KMNO-EUR"", ""QNT-EUR"", ""RARE-EUR""]","{""FILLED"": 46, ""NO_FILL"": 17, ""ACTIVE_POSITION"": 1, ""RIGHT_CENSORED"": 1}",2
F_C1_range5,100,4,101,64,23,41,35.9375,-0.9799331090758612,-62.715718980855115,6400,12753.167199016687,93.85393054321776,10,9,"[""2Z-EUR"", ""KMNO-EUR"", ""QNT-EUR"", ""RARE-EUR""]","{""FILLED"": 64, ""NO_FILL"": 23, ""ACTIVE_POSITION"": 6, ""PORTFOLIO_CAP"": 6, ""RIGHT_CENSORED"": 2}",4
F_C2_v31,100,4,302,124,48,76,38.70967741935484,-0.3591463595528797,-44.53414858455709,12400,24786.43193124355,98.2033497366383,10,19,"[""AMP-EUR"", ""KMNO-EUR"", ""QNT-EUR"", ""RARE-EUR"", ""TREAD-EUR""]","{""FILLED"": 124, ""ACTIVE_POSITION"": 71, ""NO_FILL"": 41, ""PORTFOLIO_CAP"": 51, ""RIGHT_CENSORED"": 15}",9
F_C3_revalidation,100,4,81,54,18,36,33.333333333333336,-1.441139074047646,-77.82150999857288,5400,10735.51728320945,85.23349064793456,10,9,"[""2Z-EUR"", ""KMNO-EUR"", ""QNT-EUR"", ""RARE-EUR""]","{""FILLED"": 54, ""NO_FILL"": 21, ""PORTFOLIO_CAP"": 1, ""ACTIVE_POSITION"": 3, ""RIGHT_CENSORED"": 2}",3
F_Baseline,100,24,65,27,9,18,33.333333333333336,0.2845002407077083,7.681506499108124,2700,5414.467675688329,47.28665907696677,10,12,"[""KMNO-EUR"", ""QNT-EUR"", ""RARE-EUR""]","{""FILLED"": 27, ""NO_FILL"": 8, ""PORTFOLIO_CAP"": 10, ""RIGHT_CENSORED"": 20}",2
F_C1_range5,100,24,101,27,13,14,48.148148148148145,1.3364614265325099,36.084458516377765,2700,5442.941813049,48.16814928951908,10,10,"[""KMNO-EUR"", ""QNT-EUR""]","{""FILLED"": 27, ""NO_FILL"": 10, ""ACTIVE_POSITION"": 4, ""PORTFOLIO_CAP"": 33, ""RIGHT_CENSORED"": 27}",1
F_C2_v31,100,24,302,29,15,14,51.724137931034484,0.6742831790595476,19.55421219272688,2900,5826.8713906694,47.353133878614244,10,11,"[""KMNO-EUR""]","{""FILLED"": 29, ""ACTIVE_POSITION"": 32, ""NO_FILL"": 9, ""PORTFOLIO_CAP"": 136, ""RIGHT_CENSORED"": 96}",3
F_C3_revalidation,100,24,81,26,10,16,38.46153846153846,0.8735196422832433,22.711510699364325,2600,5229.284722505628,40.14947011833374,10,10,"[""KMNO-EUR"", ""QNT-EUR""]","{""FILLED"": 26, ""NO_FILL"": 11, ""PORTFOLIO_CAP"": 16, ""ACTIVE_POSITION"": 1, ""RIGHT_CENSORED"": 27}",1
F_full_Baseline,100,4,125,95,31,64,32.63157894736842,-1.243876767682152,-118.16829292980444,9500,18905.34506974456,143.29590941179276,9,18,"[""KMNO-EUR"", ""QNT-EUR"", ""RARE-EUR"", ""TREAD-EUR""]","{""FILLED"": 95, ""NO_FILL"": 28, ""ACTIVE_POSITION"": 1, ""RIGHT_CENSORED"": 1}",4
F_full_C1,100,4,191,132,45,87,34.09090909090909,-1.0059138348771557,-132.78062620378455,13200,26299.969297038813,159.87396488662262,10,23,"[""2Z-EUR"", ""KMNO-EUR"", ""QNT-EUR"", ""RARE-EUR"", ""TREAD-EUR""]","{""FILLED"": 132, ""NO_FILL"": 39, ""ACTIVE_POSITION"": 12, ""PORTFOLIO_CAP"": 6, ""RIGHT_CENSORED"": 2}",9
F_full_C3,100,4,147,109,35,74,32.11009174311926,-1.3727690016692273,-149.63182118194578,10900,21677.311457461707,176.40990735006199,10,21,"[""2Z-EUR"", ""KMNO-EUR"", ""QNT-EUR"", ""RARE-EUR"", ""TREAD-EUR""]","{""FILLED"": 109, ""NO_FILL"": 32, ""PORTFOLIO_CAP"": 1, ""ACTIVE_POSITION"": 3, ""RIGHT_CENSORED"": 2}",5
F_Baseline,150,4,65,28,9,19,32.142857142857146,-2.9497545292748364,-82.59312681969541,4200,8327.726188651934,89.2802023179488,5,7,"[""RARE-EUR""]","{""FILLED"": 28, ""RISK_CAP"": 18, ""NO_FILL"": 17, ""ACTIVE_POSITION"": 1, ""RIGHT_CENSORED"": 1}",2
F_C1_range5,150,4,101,49,15,34,30.612244897959183,-2.36138569770673,-115.70789918762978,7350,14602.423158709142,136.05915326893273,8,9,"[""2Z-EUR"", ""RARE-EUR""]","{""RISK_CAP"": 21, ""FILLED"": 49, ""NO_FILL"": 24, ""ACTIVE_POSITION"": 5, ""RIGHT_CENSORED"": 2}",5
F_C2_v31,150,4,302,112,45,67,40.17857142857143,-0.48760895157179085,-54.61220257604057,16800,33587.35618789369,123.00887812669225,10,17,"[""2Z-EUR"", ""KMNO-EUR"", ""QNT-EUR"", ""RARE-EUR"", ""TREAD-EUR""]","{""FILLED"": 112, ""ACTIVE_POSITION"": 63, ""NO_FILL"": 50, ""RISK_CAP"": 23, ""PORTFOLIO_CAP"": 39, ""RIGHT_CENSORED"": 15}",10
F_C3_revalidation,150,4,81,34,13,21,38.23529411764706,-2.3054270575696525,-78.38451995736818,5100,10134.200982498878,86.79805480987716,6,8,"[""RARE-EUR""]","{""FILLED"": 34, ""RISK_CAP"": 21, ""NO_FILL"": 21, ""ACTIVE_POSITION"": 3, ""RIGHT_CENSORED"": 2}",4
F_Baseline,150,24,65,20,6,14,30.0,-2.6341292652298876,-52.68258530459775,3000,5954.704175133235,75.49819756881516,9,11,"[""RARE-EUR""]","{""FILLED"": 20, ""RISK_CAP"": 13, ""NO_FILL"": 12, ""RIGHT_CENSORED"": 20}",2
F_C1_range5,150,24,101,29,11,18,37.93103448275862,-1.9404442589396647,-56.27288350925028,4350,8654.488337334085,90.69174464742855,10,13,"[""2Z-EUR"", ""RARE-EUR""]","{""RISK_CAP"": 11, ""FILLED"": 29, ""NO_FILL"": 12, ""ACTIVE_POSITION"": 3, ""PORTFOLIO_CAP"": 19, ""RIGHT_CENSORED"": 27}",3
F_C2_v31,150,24,302,29,15,14,51.724137931034484,2.139646625367626,62.04975213566115,4350,8773.107520938007,64.9239859164777,10,10,"[""KMNO-EUR"", ""QNT-EUR""]","{""FILLED"": 29, ""ACTIVE_POSITION"": 34, ""NO_FILL"": 11, ""RISK_CAP"": 7, ""PORTFOLIO_CAP"": 133, ""RIGHT_CENSORED"": 88}",3
F_C3_revalidation,150,24,81,23,8,15,34.78260869565217,-2.723026579178379,-62.629611321102715,3450,6845.860038775837,77.54370029053916,10,12,"[""RARE-EUR""]","{""FILLED"": 23, ""RISK_CAP"": 14, ""NO_FILL"": 14, ""ACTIVE_POSITION"": 1, ""PORTFOLIO_CAP"": 2, ""RIGHT_CENSORED"": 27}",3
F_full_Baseline,150,4,125,54,15,39,27.77777777777778,-2.8877062709405297,-155.9361386307886,8100,16063.97379585886,195.36519674314877,5,15,"[""KMNO-EUR"", ""RARE-EUR"", ""TREAD-EUR""]","{""FILLED"": 54, ""NO_FILL"": 28, ""RISK_CAP"": 41, ""ACTIVE_POSITION"": 1, ""RIGHT_CENSORED"": 1}",3
F_full_C1,150,4,191,96,28,68,29.166666666666668,-2.1515120126076774,-206.54515321033702,14400,28629.027415327982,239.98012263400688,8,20,"[""2Z-EUR"", ""KMNO-EUR"", ""RARE-EUR"", ""TREAD-EUR""]","{""FILLED"": 96, ""NO_FILL"": 40, ""RISK_CAP"": 44, ""ACTIVE_POSITION"": 9, ""RIGHT_CENSORED"": 2}",9
F_full_C3,150,4,147,63,20,43,31.746031746031747,-2.382628177710011,-150.1055751957307,9450,18773.202430881473,191.26109266234653,6,17,"[""KMNO-EUR"", ""RARE-EUR"", ""TREAD-EUR""]","{""FILLED"": 63, ""NO_FILL"": 32, ""RISK_CAP"": 47, ""ACTIVE_POSITION"": 3, ""RIGHT_CENSORED"": 2}",5
