id,source,market,ts,quote,stop,score,entry_utc,entry_ts,entry_eur,quantity,stake_eur,risk_eur,exit_utc,exit_ts,exit_eur,exit_reason,pnl_eur,mfe_horizon_pct,mae_horizon_pct,mfe_through_exit_bar_pct,mae_through_exit_bar_pct,entry_bar_volume,journal_ts
V5,V31,ZIG-EUR,1790211050.5614085,0.045906,0.043623,6.734,2026-09-24T00:55:00+00:00,1790211300,0.045760714999999993,2179.830962898996,100,5.241813859872764,2026-09-24T11:00:00+00:00,1790247600,0.043579377,STOP,-5.241813859872764,3.0316069143587754,-5.377352604739672,3.0316069143587754,-5.377352604739672,0.0,
B812,BASELINE,CHR-EUR,1790214970.0,0.019037,0.018152,8.52,2026-09-24T02:00:00+00:00,1790215200,0.019086066999999998,5226.35823511447,100,5.4629491354587145,2026-09-24T12:45:00+00:00,1790253900,0.01812186,STOP,-5.525446084024978,6.23980309824963,-5.045916479283019,6.23980309824963,-4.956846269061077,58068.307014,1790214968.740072
V9,V31,KMNO-EUR,1790214982.0830877,0.032219,0.030688,6.216,2026-09-24T02:00:00+00:00,1790215200,0.032359327,3082.5926460521414,100,5.732255492371237,2026-09-25T02:00:00+00:00,1790301600,0.032392575,HORIZON,-0.3965193020117823,5.688230166220709,-2.8039118366089633,5.688230166220709,-2.8039118366089633,211931.63964353,
B814,BASELINE,SAGA-EUR,1790216185.0,0.042638,0.039841,8.03,2026-09-24T02:20:00+00:00,1790216400,0.042537494999999995,2345.004646874399,100,6.8994319510281485,2026-09-24T04:45:00+00:00,1790225100,0.039801159,STOP,-6.8994319510281485,88.06937267932682,-16.572426279450625,-0.09990009990009652,-6.433136224876412,571.26356375,1790216182.693982
V17,V31,LTC-EUR,1790218282.0921926,57.919,53.988,7.402,2026-09-24T02:55:00+00:00,1790218500,57.93787999999999,1.7216823163256323,100,7.374908377877787,2026-09-25T02:55:00+00:00,1790304900,62.123814,HORIZON,6.690078306536506,13.673472346589154,-0.7350631400389385,13.673472346589154,-0.7350631400389385,131.08604232,
V18,V31,WIF-EUR,1790218282.0921926,0.22118,0.20297,6.67,2026-09-24T02:55:00+00:00,1790218500,0.21931909999999996,454.81959136890737,100,8.008138316632241,2026-09-24T09:35:00+00:00,1790242500,0.20276703000000001,STOP,-8.008138316632227,0.4198904700958739,-8.0198669427332,0.4198904700958739,-7.855722552208166,13737.229959,
B837,BASELINE,ARK-EUR,1790224699.0,0.14951,0.13887,6.885,2026-09-24T04:40:00+00:00,1790224800,0.14982968,665.7601046828406,100,7.869252497510146,2026-09-25T04:40:00+00:00,1790311200,0.16716267,HORIZON,11.012011086567497,21.544676595451584,-2.5093025627499044,21.544676595451584,-2.5093025627499044,6223.93228404,1790224697.497457
V37,V31,ACE-EUR,1790231241.740436,0.16746,0.15603,6.256,2026-09-24T06:30:00+00:00,1790231400,0.16693676999999998,597.5353628885747,100,7.092641294239272,2026-09-24T11:35:00+00:00,1790249700,0.15587397,STOP,-7.092641294239272,3.9135955487817453,-9.235095419660988,-0.09990009990008542,-6.551444597855816,0.0,
B867,BASELINE,CVC-EUR,1790233552.0,0.026999,0.025691,6.713,2026-09-24T07:10:00+00:00,1790233800,0.026961935,3699.683403338689,100,5.283866045513065,2026-09-25T07:10:00+00:00,1790320200,0.025903071,HORIZON,-4.406421030481809,10.196096830587287,-4.087002657635653,10.196096830587287,-4.087002657635653,0.0,1790233548.867252
B873,BASELINE,PROM-EUR,1790238145.0,4.8107,4.519,8.039,2026-09-24T08:25:00+00:00,1790238300,4.7001954999999995,21.222654130322137,100,4.430254331191449,2026-09-24T08:45:00+00:00,1790239500,4.514481,STOP,-4.430254331191449,10.56986884907236,-3.938038322022974,-0.05734867836879598,-3.938038322022974,1084.914494,1790238141.934006
V47,V31,ARX-EUR,1790243758.1978955,0.21549,0.20592,6.606,2026-09-24T10:00:00+00:00,1790244000,0.21399377999999997,466.1379571004191,100,4.348586854502798,2026-09-25T10:00:00+00:00,1790330400,0.21840138,HORIZON,1.5506601683595562,8.993822156887,-2.0952851994109234,8.993822156887,-2.0952851994109234,185.73303,
V58,V31,BILL-EUR,1790250186.8655467,0.011279,0.010838,6.004,2026-09-24T11:45:00+00:00,1790250300,0.011271259999999998,8849.997554966927,100,4.419193665837241,2026-09-25T11:45:00+00:00,1790336700,0.011790198,HORIZON,4.082365413894522,10.528902713627431,-1.2444039087022962,10.528902713627431,-1.2444039087022962,7851.3163,
B898,BASELINE,ONDO-EUR,1790252549.0,0.40336,0.36475,8.5,2026-09-24T12:25:00+00:00,1790252700,0.4021317299999999,248.05459504873326,100,9.838532958594769,2026-09-25T12:25:00+00:00,1790339100,0.47819132999999997,HORIZON,18.32101282716775,26.451100986236533,-1.8008352636087466,26.451100986236533,-1.8008352636087466,175140.97474699,1790252545.353656
V64,V31,CFG-EUR,1790252623.4224472,0.124759,0.117845,7.078,2026-09-24T12:25:00+00:00,1790252700,0.12510698199999998,797.3225942049863,100,6.368145668609884,2026-09-25T12:25:00+00:00,1790339100,0.132482385,HORIZON,5.367120897427114,11.825093822501476,-2.596962973657202,11.825093822501476,-2.596962973657202,80.5,
B900,BASELINE,PEAQ-EUR,1790253885.0,0.033915,0.031313,8.035,2026-09-24T12:45:00+00:00,1790253900,0.03389386,2943.0293109547424,100,8.167235567230847,2026-09-25T12:45:00+00:00,1790340300,0.038736225,HORIZON,13.716840956811026,29.817022906213687,-0.6280193521776334,29.817022906213687,-0.6280193521776334,6657.56358359,1790253883.48606
B903,BASELINE,HUMA-EUR,1790254885.0,0.022305,0.020849,8.555,2026-09-24T13:05:00+00:00,1790255100,0.022117094999999996,4510.114164694619,100,6.297504497625354,2026-09-24T14:35:00+00:00,1790260500,0.020828151,STOP,-6.297504497625354,17.51091180826416,-6.565487013552174,3.4719975656839264,-6.565487013552174,453788.1711,1790254883.134218
B968,BASELINE,NEAR-EUR,1790260941.0,4.114,3.8012,8.333,2026-09-24T14:45:00+00:00,1790261100,4.098694599999999,24.337169068755824,100,7.81310822445225,2026-09-25T14:45:00+00:00,1790347500,4.4377578,HORIZON,7.7324557101279225,11.235416271317234,-4.742841781868767,11.235416271317234,-4.742841781868767,38451.0716133,1790260932.992751
V244,V31,SYN-EUR,1790303287.4458148,0.198171,0.179825,7.075,2026-09-25T02:30:00+00:00,1790303400,0.198964766,501.34818061905753,100,10.160380310865904,2026-09-25T13:40:00+00:00,1790343600,0.17964517500000002,STOP,-10.16038031086589,2.6086196588194,-21.813292309252375,2.6086196588194,-9.979036187743917,11394.91730453,
B1138,BASELINE,NOM-EUR,1790310481.0,0.0018563,0.0017433,8.409,2026-09-25T04:30:00+00:00,1790310600,0.0018538519999999998,53807.22055557645,100,6.5259453467254644,2026-09-26T04:30:00+00:00,1790397000,0.0018758223,HORIZON,0.6804522586207753,9.501729372139756,-1.5455386945667615,9.501729372139756,-1.5455386945667615,357891.9062,1790310479.245914
V262,V31,ACE-EUR,1790311907.5866125,0.1708456894060772,0.16051,7.244,2026-09-25T04:55:00+00:00,1790312100,0.17088071,583.7442005092121,100,6.630922869995359,2026-09-26T04:55:00+00:00,1790398500,0.18093888,HORIZON,5.357966792015688,5.992068970219067,-3.371188005948711,5.992068970219067,-3.371188005948711,286.96925329,
V288,V31,MOVR-EUR,1790320424.1217725,0.8739000000000001,0.8162,7.908,2026-09-25T07:15:00+00:00,1790320500,0.8628619999999999,115.60437641406915,100,5.973719102208747,2026-09-26T07:15:00+00:00,1790406900,0.8898093,HORIZON,2.6086846308045466,15.058954966147553,-2.20915974976299,15.058954966147553,-2.20915974976299,9843.79482424,
V337,V31,JTO-EUR,1790330231.8236938,0.47,0.44413,7.34,2026-09-25T10:00:00+00:00,1790330400,0.46896849999999995,212.70218243100874,100,5.862979519356173,2026-09-26T10:00:00+00:00,1790416800,0.5096698199999999,HORIZON,8.136863325636341,9.506288801913133,-1.291877812688902,9.506288801913133,-1.291877812688902,32.4982,
B1240,BASELINE,SUI-EUR,1790336414.0,0.99616,0.90229,6.867,2026-09-25T11:45:00+00:00,1790336700,0.99432333,100.32010758652974,100,9.798756235735254,2026-09-26T11:45:00+00:00,1790423100,1.03712184,HORIZON,3.7840641327168356,7.393638244412903,-3.7134128191480653,7.393638244412903,-3.7134128191480653,98709.63693289,1790336413.623576
B1262,BASELINE,USELESS-EUR,1790340192.0,0.26353,0.248218,7.563,2026-09-25T12:45:00+00:00,1790340300,0.263580317,378.4448876028801,100,6.391710962794065,2026-09-26T03:00:00+00:00,1790391600,0.247969782,STOP,-6.391710962794065,3.7338459533000634,-9.34148546456145,3.7338459533000634,-6.015743960122788,3147.88415,1790340186.453981
V421,V31,PLUME-EUR,1790344080.3949351,0.0167834,0.0157397,6.206,2026-09-25T13:50:00+00:00,1790344200,0.016687570899999997,5977.540052962204,100,6.24437402177351,2026-09-26T13:50:00+00:00,1790430600,0.0161794044,HORIZON,-3.528744760512268,5.407791855434185,-3.715764887027373,5.407791855434185,-3.715764887027373,482173.09566881,
V423,V31,ENA-EUR,1790344080.3949351,0.21554,0.20343,6.008,2026-09-25T13:50:00+00:00,1790344200,0.21436414999999998,465.33258215702824,100,5.668475280436482,2026-09-26T13:50:00+00:00,1790430600,0.24501474,HORIZON,13.728308276656094,16.908540910408764,-1.4294134536954939,16.908540910408764,-1.4294134536954939,195562.58174645,
V428,V31,NIL-EUR,1790346363.79002,0.116263,0.109644,6.927,2026-09-25T14:30:00+00:00,1790346600,0.11504492999999999,867.0579697983782,100,5.264795254308524,2026-09-25T15:55:00+00:00,1790351700,0.109361529,STOP,-5.414271654485518,5.269306522243111,-18.256284740231486,5.269306522243111,-5.493445039255517,51486.74364814,
V431,V31,AXS-EUR,1790347542.4862866,1.0323,0.9863,6.122,2026-09-25T14:50:00+00:00,1790347800,1.0322311999999998,96.63593140896782,100,5.0213346383074935,2026-09-26T14:50:00+00:00,1790434200,1.0434555,HORIZON,0.5832058909944635,4.889292243830656,-0.8361692613049976,4.889292243830656,-0.8361692613049976,1564.01453838,
B1295,BASELINE,WMTX-EUR,1790352842.0,0.023091,0.020867,7.948,2026-09-25T16:15:00+00:00,1790352900,0.023048024999999996,4327.946687032686,100,10.004600125844235,2026-09-26T00:25:00+00:00,1790382300,0.020846133,STOP,-10.004600125844235,12.369714975578173,-13.224668924994642,12.369714975578173,-13.224668924994642,125673.6733,1790352837.545995
