id,source,market,ts,quote,stop,score,journal_ts,entry_utc,entry_ts,entry_eur,quantity,stake_eur,risk_eur,exit_utc,exit_ts,exit_eur,exit_reason,pnl_eur,mfe_horizon_pct,mae_horizon_pct,mfe_through_exit_bar_pct,mae_through_exit_bar_pct,entry_bar_volume
B812,BASELINE,CHR-EUR,1790214970.0,0.019037,0.018152,8.52,1790214968.740072,2026-09-24T02:00:00+00:00,1790215200,0.019086066999999998,7839.537352671704,150,8.194423703188079,2026-09-24T12:45:00+00:00,1790253900,0.01812186,STOP,-8.288169126037474,6.23980309824963,-5.045916479283019,6.23980309824963,-4.956846269061077,58068.307014
B814,BASELINE,SAGA-EUR,1790216185.0,0.042638,0.039841,8.03,1790216182.693982,2026-09-24T02:20:00+00:00,1790216400,0.042537494999999995,3517.5069703115987,150,10.349147926542202,2026-09-24T04:45:00+00:00,1790225100,0.039801159,STOP,-10.349147926542202,88.06937267932682,-16.572426279450625,-0.09990009990009652,-6.433136224876412,571.26356375
B826,BASELINE,WIF-EUR,1790219129.0,0.21905,0.2034,7.143,1790219127.158837,2026-09-24T03:10:00+00:00,1790219400,0.21784762999999996,686.837562392094,150,10.78585021321453,2026-09-24T09:35:00+00:00,1790242500,0.2031966,STOP,-10.78585021321453,0.2214254063723553,-7.398579456659671,0.2214254063723553,-7.233326339148139,187.398121
B837,BASELINE,ARK-EUR,1790224699.0,0.14951,0.13887,6.885,1790224697.497457,2026-09-24T04:40:00+00:00,1790224800,0.14982968,998.6401570242609,150,11.803878746265212,2026-09-25T04:40:00+00:00,1790311200,0.16716267,HORIZON,16.518016629851246,21.544676595451584,-2.5093025627499044,21.544676595451584,-2.5093025627499044,6223.93228404
B867,BASELINE,CVC-EUR,1790233552.0,0.026999,0.025691,6.713,1790233548.867252,2026-09-24T07:10:00+00:00,1790233800,0.026961935,5549.525105008033,150,7.925799068269612,2026-09-25T07:10:00+00:00,1790320200,0.025903071,HORIZON,-6.609631545722721,10.196096830587287,-4.087002657635653,10.196096830587287,-4.087002657635653,0.0
B873,BASELINE,PROM-EUR,1790238145.0,4.8107,4.519,8.039,1790238141.934006,2026-09-24T08:25:00+00:00,1790238300,4.7001954999999995,31.833981195483208,150,6.645381496787195,2026-09-24T08:45:00+00:00,1790239500,4.514481,STOP,-6.645381496787195,10.56986884907236,-3.938038322022974,-0.05734867836879598,-3.938038322022974,1084.914494
B903,BASELINE,HUMA-EUR,1790254885.0,0.022305,0.020849,8.555,1790254883.134218,2026-09-24T13:05:00+00:00,1790255100,0.022117094999999996,6765.171247041928,150,9.446256746438053,2026-09-24T14:35:00+00:00,1790260500,0.020828151,STOP,-9.446256746438053,17.51091180826416,-6.565487013552174,3.4719975656839264,-6.565487013552174,453788.1711
B968,BASELINE,NEAR-EUR,1790260941.0,4.114,3.8012,8.333,1790260932.992751,2026-09-24T14:45:00+00:00,1790261100,4.098694599999999,36.50575360313374,150,11.71966233667834,2026-09-25T14:45:00+00:00,1790347500,4.4377578,HORIZON,11.59868356519192,11.235416271317234,-4.742841781868767,11.235416271317234,-4.742841781868767,38451.0716133
B996,BASELINE,NOM-EUR,1790265356.0,0.0020723,0.0019372,6.983,1790265353.263467,2026-09-24T16:00:00+00:00,1790265600,0.002071069,72245.75094412343,150,10.535022025423615,2026-09-24T18:05:00+00:00,1790273100,0.0019352628,STOP,-10.535022025423615,4.554700978093917,-15.16941251112348,4.554700978093917,-8.704152300092371,2145049.6379
B1107,BASELINE,DYM-EUR,1790292458.0,0.018617,0.017292,6.953,1790292457.446194,2026-09-24T23:30:00+00:00,1790292600,0.018522504,8078.06197056806,150,10.80270365690086,2026-09-25T03:40:00+00:00,1790307600,0.01725273,STOP,-10.979799453774973,4.791447203898569,-8.462700291494052,4.791447203898569,-7.085996580160003,37964.03365174
B1138,BASELINE,NOM-EUR,1790310481.0,0.0018563,0.0017433,8.409,1790310479.245914,2026-09-25T04:30:00+00:00,1790310600,0.0018538519999999998,80710.83083336469,150,9.788918020088175,2026-09-26T04:30:00+00:00,1790397000,0.0018758223,HORIZON,1.0206783879311843,9.501729372139756,-1.5455386945667615,9.501729372139756,-1.5455386945667615,357891.9062
B1200,BASELINE,AERO-EUR,1790328982.0,0.67746,0.62895,9.457,1790328978.732831,2026-09-25T09:40:00+00:00,1790329200,0.67434367,221.88379874922646,150,10.934274245417612,2026-09-26T09:40:00+00:00,1790415600,0.79402518,HORIZON,25.740869932835977,19.15141132710567,-0.5507088099455326,19.15141132710567,-0.5507088099455326,2846.50756652
B1222,BASELINE,CHILLGUY-EUR,1790333258.0,0.0122019,0.011441,8.847,1790333257.049015,2026-09-25T10:50:00+00:00,1790333400,0.012165453299999998,12299.248657022488,150,9.776449289343475,2026-09-26T10:50:00+00:00,1790419800,0.0122343534,HORIZON,0.09717123792728444,2.7499731555420404,-3.3435112524742294,2.7499731555420404,-3.3435112524742294,40439.13108785
B1262,BASELINE,USELESS-EUR,1790340192.0,0.26353,0.248218,7.563,1790340186.453981,2026-09-25T12:45:00+00:00,1790340300,0.263580317,567.6673314043202,150,9.587566444191111,2026-09-26T03:00:00+00:00,1790391600,0.247969782,STOP,-9.587566444191083,3.7338459533000634,-9.34148546456145,3.7338459533000634,-6.015743960122788,3147.88415
B1296,BASELINE,ZK-EUR,1790352842.0,0.011571,0.010689,7.315,1790352837.545995,2026-09-25T16:15:00+00:00,1790352900,0.011529517999999999,12977.640102742786,150,11.767171129498479,2026-09-26T16:15:00+00:00,1790439300,0.011514474,HORIZON,-0.942877204471813,0.21234192097190352,-4.202413318579323,0.21234192097190352,-4.202413318579323,95997.58136605
B1314,BASELINE,SAGA-EUR,1790357280.0,0.032259,0.029863,7.847,1790357277.647324,2026-09-25T17:30:00+00:00,1790357400,0.032151119,4653.832893408618,150,11.508661801544719,2026-09-26T02:00:00+00:00,1790388000,0.029833137,STOP,-11.508661801544719,24.567981599645105,-13.125885291892947,2.910881577714286,-7.1229838065667295,53367.04526804
B1315,BASELINE,BEAM-EUR,1790357280.0,0.0019707,0.0018175,6.71,1790357277.647324,2026-09-25T17:30:00+00:00,1790357400,0.0019554534999999995,76517.25554307214,150,11.416285767009867,2026-09-26T17:30:00+00:00,1790443800,0.0018949032,HORIZON,-5.3696895971743,0.007491868254638767,-5.76610489587196,0.007491868254638767,-5.76610489587196,1787900.293
B1320,BASELINE,EPIC-EUR,1790359209.0,0.431,0.41525,6.914,1790359206.66896,2026-09-25T18:05:00+00:00,1790359500,0.43092048999999993,347.2239975455676,150,6.319521234723368,2026-09-25T21:25:00+00:00,1790371500,0.41358599999999995,STOP,-6.752033211741093,5.290885564527237,-5.028883634658432,0.5197037625201073,-3.9265921191169117,0.0
B1333,BASELINE,EIGEN-EUR,1790364815.0,0.22511,0.21352,7.709,1790364812.0782,2026-09-25T19:35:00+00:00,1790364900,0.22470447999999998,665.8787362054143,150,8.318841296491598,2026-09-26T19:35:00+00:00,1790451300,0.242757,HORIZON,11.242607554105206,11.582109978403654,-0.5093267388349254,11.582109978403654,-0.5093267388349254,2674.21459509
B1342,BASELINE,RARE-EUR,1790371970.0,0.014528,0.013373,6.719,1790371968.048104,2026-09-25T21:35:00+00:00,1790372100,0.014355340999999997,10423.015041028619,150,11.100525819376799,2026-09-26T00:35:00+00:00,1790382900,0.013359626999999999,STOP,-11.100525819376799,54.22134521221058,-9.601590098068701,1.00770159343484,-7.5535718726569945,321585.08046319
