id,source,market,ts,quote,stop,score,entry_utc,entry_ts,entry_eur,quantity,stake_eur,risk_eur,exit_utc,exit_ts,exit_eur,exit_reason,pnl_eur,mfe_horizon_pct,mae_horizon_pct,mfe_through_exit_bar_pct,mae_through_exit_bar_pct,entry_bar_volume
B10,BASELINE,KMNO-EUR,1789984228.328058,0.030916,0.028836,7.196,2026-09-21T09:55:00+00:00,1789984500,0.030371340999999996,3284.366779899397,100,5.62324076644795,2026-09-21T13:55:00+00:00,1789998900,0.031174794000000002,HORIZON,2.13348413934753,6.775002131120922,-0.9362148348997734,6.775002131120922,-0.9362148348997734,120042.49804417
B11,BASELINE,TREAD-EUR,1789985099.447374,0.38501,0.36549,7.175,2026-09-21T10:05:00+00:00,1789985100,0.38539501,258.8269719459951,100,5.732188871701197,2026-09-21T14:05:00+00:00,1789999500,0.40506453,HORIZON,4.579521678271135,12.066837606433989,-0.10249484029385414,12.066837606433989,-0.10249484029385414,1297.69002
B24,BASELINE,ARB-EUR,1789988147.244241,0.20236,0.187,8.492,2026-09-21T11:00:00+00:00,1789988400,0.20197177,493.8839890416196,100,7.966710229279997,2026-09-21T15:00:00+00:00,1790002800,0.20533446,HORIZON,1.1578736870256137,7.39124581618511,-2.6596637738036333,7.39124581618511,-2.6596637738036333,91743.86924544
B36,BASELINE,G-EUR,1789990484.104091,0.0058365,0.0053955,7.614,2026-09-21T11:35:00+00:00,1789990500,0.0058259201,17121.86602789086,100,7.942074492481666,2026-09-21T15:35:00+00:00,1790004900,0.005633261099999999,HORIZON,-3.789188000306723,2.9880241577635136,-4.557565078861958,2.9880241577635136,-4.557565078861958,1535967.28333431
B51,BASELINE,PROVE-EUR,1789994888.60625,0.22712,0.20983,8.413,2026-09-21T12:50:00+00:00,1789995000,0.22432409999999997,444.67189856728066,100,7.020831525533623,2026-09-21T16:50:00+00:00,1790009400,0.21096882,HORIZON,-6.422624036420856,16.046381106622086,-5.859423931713071,16.046381106622086,-5.859423931713071,893.97718
B58,BASELINE,C-EUR,1789996935.309829,0.068052,0.064349,6.767,2026-09-21T13:25:00+00:00,1789997100,0.06802796,1466.31801749452,100,5.973912345376988,2026-09-21T17:25:00+00:00,1790011500,0.06833559600000001,HORIZON,-0.04878863810108669,9.05515908458816,-1.955019671323388,9.05515908458816,-1.955019671323388,8500.0
B66,BASELINE,CELR-EUR,1789998980.167155,0.0031493,0.0029679,6.636,2026-09-21T14:00:00+00:00,1789999200,0.0031464432999999997,31702.66041069182,100,6.238755081708291,2026-09-21T16:45:00+00:00,1790009100,0.0029649321,STOP,-6.238755081708277,9.965433033546178,-10.403597611309234,9.965433033546178,-6.51666915466107,1446242.857
B106,BASELINE,ACE-EUR,1790004307.241948,0.1525,0.14572,8.5,2026-09-21T15:30:00+00:00,1790004600,0.15249233999999998,654.1353056907418,100,5.012787041861628,2026-09-21T19:30:00+00:00,1790019000,0.152847,HORIZON,-0.26733747875945824,3.1855108263143084,-1.2015947817444417,3.1855108263143084,-1.2015947817444417,20132.31118847
B227,BASELINE,ZETA-EUR,1790036820.794011,0.051019,0.046926,7.5,2026-09-22T00:30:00+00:00,1790037000,0.05102397299999999,1954.9756237405606,100,8.581671683803918,2026-09-22T04:30:00+00:00,1790051400,0.051689259,HORIZON,0.7986132508268611,16.61185223659476,-2.755514549993965,16.61185223659476,-2.755514549993965,14546.9036
B258,BASELINE,EPIC-EUR,1790045818.278165,0.56687,0.51956,8.334,2026-09-22T03:00:00+00:00,1790046000,0.5660955299999999,176.20811003647484,100,8.76951287251191,2026-09-22T07:00:00+00:00,1790060400,0.5632362,HORIZON,-1.0013306596393647,1.6930834977623155,-3.4844878566696824,1.6930834977623155,-3.4844878566696824,70305.16921858
B300,BASELINE,NIL-EUR,1790058798.279374,0.064545,0.05919,7.78,2026-09-22T06:35:00+00:00,1790058900,0.064618554,1543.6839308009974,100,8.948916990783687,2026-09-22T10:35:00+00:00,1790073300,0.068876055,HORIZON,6.057052172164532,13.523122167048207,-0.6353500265573797,13.523122167048207,-0.6353500265573797,22954.62913523
B302,BASELINE,CARV-EUR,1790058981.419479,0.040426,0.036778,7.98,2026-09-22T06:40:00+00:00,1790059200,0.03986382399999999,2502.2843629200383,100,8.292857178039242,2026-09-22T10:40:00+00:00,1790073600,0.040426533,HORIZON,0.9057846695384768,4.979893549600267,-1.2864395548204177,4.979893549600267,-1.2864395548204177,71407.95986
B311,BASELINE,FORM-EUR,1790062227.241703,0.27632,0.26476,7.13,2026-09-22T07:35:00+00:00,1790062500,0.27301274,365.36984845980635,100,3.6030107072527215,2026-09-22T10:10:00+00:00,1790071800,0.26449524,STOP,-3.6030107072527215,7.6213512966464725,-4.975130464607613,2.2626270114720626,-4.975130464607613,44.00352624
B316,BASELINE,KERNEL-EUR,1790063252.579901,0.05833,0.053527,8.5,2026-09-22T07:50:00+00:00,1790063400,0.05826620799999999,1711.9806979955952,100,8.683310253288369,2026-09-22T11:50:00+00:00,1790077800,0.056164779,HORIZON,-4.087364988699619,0.9161262047463259,-5.823629366784944,0.9161262047463259,-5.823629366784944,50721.702233
B322,BASELINE,USELESS-EUR,1790065406.846286,0.262362,0.239934,8.03,2026-09-22T08:25:00+00:00,1790065500,0.26172045899999996,381.1342216903132,100,8.872777739525176,2026-09-22T12:25:00+00:00,1790079900,0.273300426,HORIZON,3.903734788263179,5.0739407422482286,-3.255557105682738,5.0739407422482286,-3.255557105682738,68508.18393
B325,BASELINE,AVA-EUR,1790066551.691388,0.24,0.22083,8.884,2026-09-22T08:45:00+00:00,1790066700,0.23863839999999997,417.9990455911393,100,8.016113547618232,2026-09-22T12:45:00+00:00,1790081100,0.23619357,HORIZON,-1.5181348823229541,0.8303776760152815,-6.456798235321715,0.8303776760152815,-6.456798235321715,14547.25036033
B338,BASELINE,WIF-EUR,1790067489.75191,0.22472,0.20827,7.453,2026-09-22T09:00:00+00:00,1790067600,0.22330308,446.7050944456141,100,7.290120836707544,2026-09-22T13:00:00+00:00,1790082000,0.2343654,HORIZON,4.4304875964296855,7.477245723614745,-2.6390500301204933,7.477245723614745,-2.6390500301204933,30934.725398
B368,BASELINE,LAPTOP-EUR,1790076006.964864,0.0697,0.06562,7.226,2026-09-22T11:25:00+00:00,1790076300,0.06891884999999999,1447.3634345523253,100,5.356189944718608,2026-09-22T13:50:00+00:00,1790085000,0.06555438,STOP,-5.356189944718608,1.7138272040232883,-8.936379524614813,1.7138272040232883,-5.105787458728617,11835.1786
B374,BASELINE,FLOCK-EUR,1790077925.893172,0.074141,0.068291,7.941,2026-09-22T11:55:00+00:00,1790078100,0.07381674299999999,1351.327888327402,100,8.039228834277509,2026-09-22T15:55:00+00:00,1790092500,0.084237678,HORIZON,13.548141720520292,15.179831220675787,-6.523916938464735,15.179831220675787,-6.523916938464735,9811.61588
B389,BASELINE,UNI-EUR,1790081618.535005,8.3723,7.5354,8.839,2026-09-22T12:55:00+00:00,1790081700,8.368259899999998,11.920115368476608,100,10.491318026004663,2026-09-22T16:55:00+00:00,1790096100,8.051840100000001,HORIZON,-4.261084236775062,1.3352847704933613,-8.149363286386436,1.3352847704933613,-8.149363286386436,16083.91658731
B403,BASELINE,GOAT-EUR,1790083139.284728,0.017404,0.016185,10.0,2026-09-22T13:20:00+00:00,1790083200,0.01738737,5736.958691360253,100,7.472075816112067,2026-09-22T17:20:00+00:00,1790097600,0.017179803,HORIZON,-1.686579413634803,3.580932596476649,-3.7462249897482924,3.580932596476649,-3.7462249897482924,22968.576399
B430,BASELINE,NOS-EUR,1790091472.481877,0.34684,0.31427,7.105,2026-09-22T15:40:00+00:00,1790091600,0.34519484999999994,288.9690371724738,100,9.503323699651062,2026-09-22T19:40:00+00:00,1790106000,0.33349617000000004,HORIZON,-3.870858022256371,3.657398133257228,-7.892600367589475,3.657398133257228,-7.892600367589475,1011.06625384
B459,BASELINE,MERL-EUR,1790095678.557786,0.026928,0.025035,9.459,2026-09-22T16:50:00+00:00,1790095800,0.027033005999999995,3689.956767715604,100,7.9450246119497905,2026-09-22T20:50:00+00:00,1790110200,0.026860113,HORIZON,-1.135125893408997,3.7287529178220424,-2.704123988283047,3.7287529178220424,-2.704123988283047,623103.38465331
B468,BASELINE,EPIC-EUR,1790096458.306962,0.49009,0.45146,9.28,2026-09-22T17:05:00+00:00,1790096700,0.4883778899999999,204.24885213660374,100,8.11231834269148,2026-09-22T21:05:00+00:00,1790111100,0.48111839999999995,HORIZON,-1.9777887605551285,1.5893655628022252,-3.9411878371479747,1.5893655628022252,-3.9411878371479747,4819.2821045
B481,BASELINE,APE-EUR,1790098590.897702,0.13764,0.12881,8.731,2026-09-22T17:40:00+00:00,1790098800,0.13783769999999998,723.6817172761627,100,7.108586001060658,2026-09-22T21:40:00+00:00,1790113200,0.13659327,HORIZON,-1.397072928538364,2.7440243126517716,-1.8120586748037626,2.7440243126517716,-1.8120586748037626,12752.16317182
B493,BASELINE,TREAD-EUR,1790102862.106827,0.47,0.43311,6.875,2026-09-22T18:50:00+00:00,1790103000,0.47046999999999994,212.02334567856934,100,8.491742188940677,2026-09-22T22:50:00+00:00,1790117400,0.47453499,HORIZON,0.36096498079308503,10.019767466576003,-0.9352349777881575,10.019767466576003,-0.9352349777881575,2350.18056
B504,BASELINE,MOVR-EUR,1790104813.951284,0.8312,0.7741,10.0,2026-09-22T19:25:00+00:00,1790105100,0.8316307999999999,119.94580220140539,100,7.47469754997276,2026-09-22T23:25:00+00:00,1790119500,0.8227764,HORIZON,-1.5581461079415533,0.24881233354994148,-4.524940634714325,0.24881233354994148,-4.524940634714325,15711.85291654
B507,BASELINE,TIA-EUR,1790105674.922965,0.41293,0.39119,9.615,2026-09-22T19:35:00+00:00,1790105700,0.41382340999999995,241.0463522143335,100,6.0348739687981094,2026-09-22T23:35:00+00:00,1790120100,0.43344612,HORIZON,4.219404592187615,7.816520094887824,-0.3342995989521147,7.816520094887824,-0.3342995989521147,44068.72029232
B513,BASELINE,LAPTOP-EUR,1790110434.36156,0.06835,0.0621,8.5,2026-09-22T20:55:00+00:00,1790110500,0.06824817999999999,1461.5865718528544,100,9.552922818014679,2026-09-23T00:55:00+00:00,1790124900,0.06491501999999999,HORIZON,-5.358275760299421,3.15293389508704,-4.90588906546664,3.15293389508704,-4.90588906546664,30505.2994
B540,BASELINE,FARTCOIN-EUR,1790119172.118677,0.17999,0.1656,6.641,2026-09-22T23:20:00+00:00,1790119200,0.18020002,553.5550076043083,100,8.651902051360835,2026-09-23T03:20:00+00:00,1790133600,0.1859139,HORIZON,2.656286402426005,5.915637523236694,-1.2652717796590718,5.915637523236694,-1.2652717796590718,443095.49552
B543,BASELINE,ZAMA-EUR,1790120862.480356,0.087314,0.07984,7.873,2026-09-22T23:50:00+00:00,1790121000,0.08774465699999999,1136.8284617192876,100,9.553064050713957,2026-09-23T03:50:00+00:00,1790135400,0.086896017,HORIZON,-1.461099327696033,2.5703479586227207,-2.6766951747272616,2.5703479586227207,-2.6766951747272616,114154.9403
B561,BASELINE,GRASS-EUR,1790126495.643986,0.4021,0.373,8.913,2026-09-23T01:25:00+00:00,1790126700,0.40288248,247.59235854931322,100,7.9710512053179485,2026-09-23T05:25:00+00:00,1790141100,0.40113846000000003,HORIZON,-0.929479627301248,2.1215913881388104,-3.1802028224210743,2.1215913881388104,-3.1802028224210743,2118.61113328
B566,BASELINE,ENS-EUR,1790127465.751466,6.3723,5.9356,7.733,2026-09-23T01:40:00+00:00,1790127600,6.398091699999999,15.590683616084547,100,7.783597194065081,2026-09-23T05:40:00+00:00,1790142000,6.3609327,HORIZON,-1.076638994165819,1.5927921133109146,-2.8335276907644036,1.5927921133109146,-2.8335276907644036,0.80504636
B572,BASELINE,AERO-EUR,1790129258.382909,0.63151,0.59456,6.943,2026-09-23T02:10:00+00:00,1790129400,0.6319112799999999,157.85542464346662,100,6.473734912143357,2026-09-23T06:10:00+00:00,1790143800,0.63504432,HORIZON,-0.00542217598103889,1.8370806737300516,-0.2961301782743675,1.8370806737300516,-0.2961301782743675,2242.66138753
B606,BASELINE,SUPER-EUR,1790137954.242196,0.1604,0.14971,7.297,2026-09-23T04:35:00+00:00,1790138100,0.16010995,623.0132695775404,100,7.054899841314523,2026-09-23T08:35:00+00:00,1790152500,0.16749234,HORIZON,4.089075496661579,9.693370087243181,-1.3365502893480374,9.693370087243181,-1.3365502893480374,4748.66489271
B607,BASELINE,PENGU-EUR,1790137954.242196,0.0093229,0.0085857,7.047,2026-09-23T04:35:00+00:00,1790138100,0.0092976884,10728.540165036775,100,8.210134520507879,2026-09-23T08:35:00+00:00,1790152500,0.0095590314,HORIZON,2.298066182963339,4.930382480875561,-1.2195332336583875,4.930382480875561,-1.2195332336583875,1024814.981
B624,BASELINE,HNT-EUR,1790140901.669227,0.47059,0.4516,7.006,2026-09-23T05:25:00+00:00,1790141100,0.4715911199999999,211.51929968782392,100,4.811972860775924,2026-09-23T08:55:00+00:00,1790153700,0.45107847,STOP,-4.826727426541552,0.025208277882771135,-4.641970357711555,0.025208277882771135,-4.641970357711555,12563.62133887
B646,BASELINE,BONK-EUR,1790146722.329992,3.5549e-06,3.2745e-06,8.55,2026-09-23T07:00:00+00:00,1790146800,3.5597561999999997e-06,28021757.063418142,100,8.563677454993083,2026-09-23T11:00:00+00:00,1790161200,3.555441e-06,HORIZON,-0.6193703045718308,4.428499906819483,-3.7040795097147305,4.428499906819483,-3.7040795097147305,1191914062.0
B684,BASELINE,MAVIA-EUR,1790163095.092153,0.032573,0.030925,8.168,2026-09-23T11:35:00+00:00,1790163300,0.032493460999999994,3069.867609405983,100,5.396381635353492,2026-09-23T14:15:00+00:00,1790172900,0.030894075,STOP,-5.396381635353507,1.7127723020949004,-8.230766799510825,1.7127723020949004,-8.230766799510825,175726.25836835
B693,BASELINE,PTB-EUR,1790164892.570918,0.0009579,0.0008869,8.257,2026-09-23T12:05:00+00:00,1790165100,0.0009576566999999999,104161.15027587289,100,7.942576703646736,2026-09-23T13:10:00+00:00,1790169000,0.0008860131,STOP,-7.942576703646736,-0.09990009990008542,-23.083083948559015,-0.09990009990008542,-8.015053828788531,500521.223
B694,BASELINE,XMN-EUR,1790164892.570918,0.000472,0.000436,7.636,2026-09-23T12:05:00+00:00,1790165100,0.00046346299999999995,215228.8822223058,100,6.488412025864264,2026-09-23T16:05:00+00:00,1790179500,0.000443556,HORIZON,-4.772603072210416,1.842002489950656,-4.846773097313051,1.842002489950656,-4.846773097313051,3754118.2848
B709,BASELINE,COTI-EUR,1790170068.433848,0.015338,0.014266,6.616,2026-09-23T13:30:00+00:00,1790170200,0.015205189999999999,6560.30101836258,100,6.73807408905148,2026-09-23T14:20:00+00:00,1790173200,0.014251733999999999,STOP,-6.73807408905148,1.1496732365725126,-7.248774924877621,1.1496732365725126,-7.248774924877621,40890.84509764
B727,BASELINE,ACU-EUR,1790175540.825805,0.11877,0.10803,9.858,2026-09-23T15:00:00+00:00,1790175600,0.11847835999999999,841.9311631372727,100,9.364287444159558,2026-09-23T16:05:00+00:00,1790179500,0.10792197,STOP,-9.364287444159558,7.572387058700025,-10.0004422748593,7.572387058700025,-10.0004422748593,52482.90074
B731,BASELINE,RAY-EUR,1790176819.267993,1.79332,1.61754,9.02,2026-09-23T15:25:00+00:00,1790177100,1.78038861,56.02744416647134,100,9.690334608515457,2026-09-23T19:25:00+00:00,1790191500,1.82636181,HORIZON,2.0705683767066745,4.88721335955975,-4.415250106548363,4.88721335955975,-4.415250106548363,6050.8929
B737,BASELINE,BCH-EUR,1790180085.778514,307.02,280.82,6.645,2026-09-23T16:15:00+00:00,1790180100,307.57726999999994,0.3243107770655371,100,9.24557523552923,2026-09-23T20:15:00+00:00,1790194500,301.46823,HORIZON,-2.4750275579576027,1.2135909782930554,-2.206687769873217,1.2135909782930554,-2.206687769873217,155.95743512
B749,BASELINE,COTI-EUR,1790185479.403473,0.015226,0.014046,8.227,2026-09-23T17:45:00+00:00,1790185500,0.015228212999999999,6550.382729831565,100,8.315117525477532,2026-09-23T20:15:00+00:00,1790194500,0.014031954,STOP,-8.315117525477532,1.6599912281237472,-9.92377109513768,1.6599912281237472,-9.92377109513768,917657.87204485
B762,BASELINE,LSK-EUR,1790192973.967285,0.28361,0.26129,7.668,2026-09-23T19:50:00+00:00,1790193000,0.28328299999999995,352.12357762871943,100,8.315422679063019,2026-09-23T23:50:00+00:00,1790207400,0.31055912999999996,HORIZON,9.0818039410604,12.805921993201164,-1.3530638972334974,12.805921993201164,-1.3530638972334974,72226.23998031
B771,BASELINE,TREAD-EUR,1790199064.2738,0.46738,0.44389,9.545,2026-09-23T21:35:00+00:00,1790199300,0.46306259999999994,215.41498588181494,100,4.713874818816734,2026-09-24T01:35:00+00:00,1790213700,0.48951,HORIZON,5.184170264659727,5.817226439794543,-3.2679382873935237,5.817226439794543,-3.2679382873935237,11242.19598
B812,BASELINE,CHR-EUR,1790214968.740072,0.019037,0.018152,8.52,2026-09-24T02:00:00+00:00,1790215200,0.019086066999999998,5226.35823511447,100,5.4629491354587145,2026-09-24T06:00:00+00:00,1790229600,0.020256723,HORIZON,5.604218839813996,6.23980309824963,-1.7712763975941015,6.23980309824963,-1.7712763975941015,58068.307014
B814,BASELINE,SAGA-EUR,1790216182.693982,0.042638,0.039841,8.03,2026-09-24T02:20:00+00:00,1790216400,0.042537494999999995,2345.004646874399,100,6.8994319510281485,2026-09-24T04:45:00+00:00,1790225100,0.039801159,STOP,-6.8994319510281485,-0.09990009990009652,-10.35908437955737,-0.09990009990009652,-6.433136224876412,571.26356375
B818,BASELINE,KMNO-EUR,1790217273.028774,0.032992,0.030626,7.896,2026-09-24T02:35:00+00:00,1790217300,0.03313309999999999,3010.603397852798,100,8.119739419330273,2026-09-24T06:35:00+00:00,1790231700,0.032216751,HORIZON,-3.250619621693403,0.7572487935025851,-3.872562482834352,0.7572487935025851,-3.872562482834352,228847.4759167
B826,BASELINE,WIF-EUR,1790219127.158837,0.21905,0.2034,7.143,2026-09-24T03:10:00+00:00,1790219400,0.21784762999999996,457.891708261396,100,7.190566808809692,2026-09-24T07:10:00+00:00,1790233800,0.21022955999999998,HORIZON,-3.9782835754469517,0.2214254063723553,-4.860107957107429,0.2214254063723553,-4.860107957107429,187.398121
B837,BASELINE,ARK-EUR,1790224697.497457,0.14951,0.13887,6.885,2026-09-24T04:40:00+00:00,1790224800,0.14982968,665.7601046828406,100,7.869252497510146,2026-09-24T08:40:00+00:00,1790239200,0.15119865000000002,HORIZON,0.4103739792744392,3.1237602589820668,-2.5093025627499044,3.1237602589820668,-2.5093025627499044,6223.93228404
B873,BASELINE,PROM-EUR,1790238141.934006,4.8107,4.519,8.039,2026-09-24T08:25:00+00:00,1790238300,4.7001954999999995,21.222654130322137,100,4.430254331191449,2026-09-24T08:45:00+00:00,1790239500,4.514481,STOP,-4.430254331191449,10.56986884907236,-3.938038322022974,-0.05734867836879598,-3.938038322022974,1084.914494
B898,BASELINE,ONDO-EUR,1790252545.353656,0.40336,0.36475,8.5,2026-09-24T12:25:00+00:00,1790252700,0.4021317299999999,248.05459504873326,100,9.838532958594769,2026-09-24T16:25:00+00:00,1790267100,0.45591363,HORIZON,12.808742189680899,14.857885002011685,-1.8008352636087466,14.857885002011685,-1.8008352636087466,175140.97474699
B900,BASELINE,PEAQ-EUR,1790253883.48606,0.033915,0.031313,8.035,2026-09-24T12:45:00+00:00,1790253900,0.03389386,2943.0293109547424,100,8.167235567230847,2026-09-24T16:45:00+00:00,1790268300,0.035782182,HORIZON,5.044740409827412,7.683220500704269,-0.6280193521776334,7.683220500704269,-0.6280193521776334,6657.56358359
B903,BASELINE,HUMA-EUR,1790254883.134218,0.022305,0.020849,8.555,2026-09-24T13:05:00+00:00,1790255100,0.022117094999999996,4510.114164694619,100,6.297504497625354,2026-09-24T14:35:00+00:00,1790260500,0.020828151,STOP,-6.297504497625354,3.4719975656839264,-6.565487013552174,3.4719975656839264,-6.565487013552174,453788.1711
B922,BASELINE,QNT-EUR,1790258364.097639,69.091,62.916,8.431,2026-09-24T14:00:00+00:00,1790258400,69.29722799999999,1.439460514082851,100,9.751653725183232,2026-09-24T18:00:00+00:00,1790272800,74.74517999999999,HORIZON,7.323753389945182,11.938099457600249,-1.2947530888248293,11.938099457600249,-1.2947530888248293,1456.55258818
B944,BASELINE,ETC-EUR,1790259746.517188,8.9214,8.112,10.0,2026-09-24T14:25:00+00:00,1790259900,8.9600511,11.13281858865699,100,10.006432820622663,2026-09-24T18:25:00+00:00,1790274300,8.6975937,HORIZON,-3.4133390121039184,2.363255495272787,-5.0239791601188415,2.363255495272787,-5.0239791601188415,4312.42955162
B945,BASELINE,SYRUP-EUR,1790259746.517188,0.19144,0.17476,9.089,2026-09-24T14:25:00+00:00,1790259900,0.19043023999999997,523.8171387138751,100,8.777885973721013,2026-09-24T18:25:00+00:00,1790274300,0.18773208,HORIZON,-1.9085622120717147,0.9661070636680424,-2.625759438206854,0.9661070636680424,-2.625759438206854,1285.65566348
B968,BASELINE,NEAR-EUR,1790260932.992751,4.114,3.8012,8.333,2026-09-24T14:45:00+00:00,1790261100,4.098694599999999,24.337169068755824,100,7.81310822445225,2026-09-24T18:45:00+00:00,1790275500,4.0405554,HORIZON,-1.9101592982793676,1.8080244378295696,-4.476903451162206,1.8080244378295696,-4.476903451162206,38451.0716133
B969,BASELINE,APT-EUR,1790260932.992751,0.7374,0.6725,6.533,2026-09-24T14:45:00+00:00,1790261100,0.7345337999999999,135.80127073988498,100,8.993059352544918,2026-09-24T18:45:00+00:00,1790275500,0.7080912,HORIZON,-4.080714452169261,0.009012519233309035,-3.65317429912686,0.009012519233309035,-3.65317429912686,14661.87381279
B987,BASELINE,CFG-EUR,1790264440.010702,0.138449,0.125557,7.35,2026-09-24T15:45:00+00:00,1790264700,0.139053915,717.3521395740387,100,10.24643227910569,2026-09-24T19:45:00+00:00,1790279100,0.135762102,HORIZON,-2.8542387430880467,-0.09990009990009652,-4.4974749542290855,-0.09990009990009652,-4.4974749542290855,38890.11291725
B996,BASELINE,NOM-EUR,1790265353.263467,0.0020723,0.0019372,6.983,2026-09-24T16:00:00+00:00,1790265600,0.002071069,48163.83396274895,100,7.023348016949086,2026-09-24T18:05:00+00:00,1790273100,0.0019352628,STOP,-7.023348016949086,4.554700978093917,-8.704152300092371,4.554700978093917,-8.704152300092371,2145049.6379
B1039,BASELINE,PIXEL-EUR,1790272686.173883,0.0053336,0.0048523,8.951,2026-09-24T18:00:00+00:00,1790272800,0.005321015699999999,18746.538079449107,100,9.354319261052467,2026-09-24T22:00:00+00:00,1790287200,0.0050381568000000005,HORIZON,-5.7881216943181215,0.13689679585049408,-7.160582142240235,0.13689679585049408,-7.160582142240235,1942806.64716656
B1067,BASELINE,XPL-EUR,1790278781.406029,0.093576,0.086728,8.005,2026-09-24T19:40:00+00:00,1790278800,0.094000907,1061.1666059923923,100,8.289027514264049,2026-09-24T23:40:00+00:00,1790293200,0.098478423,HORIZON,4.240758863647173,7.834065898959897,-0.911594395573212,7.834065898959897,-0.911594395573212,265635.26775
B1107,BASELINE,DYM-EUR,1790292457.446194,0.018617,0.017292,6.953,2026-09-24T23:30:00+00:00,1790292600,0.018522504,5385.374647045373,100,7.201802437933907,2026-09-25T03:30:00+00:00,1790307000,0.017450532,HORIZON,-6.25729152127164,4.791447203898569,-5.693096354574944,4.791447203898569,-5.693096354574944,37964.03365174
B1138,BASELINE,NOM-EUR,1790310479.245914,0.0018563,0.0017433,8.409,2026-09-25T04:30:00+00:00,1790310600,0.0018538519999999998,53807.22055557645,100,6.5259453467254644,2026-09-25T08:30:00+00:00,1790325000,0.0019153827,HORIZON,2.803765838767447,4.738673853144704,-0.9467853960294481,4.738673853144704,-0.9467853960294481,357891.9062
B1200,BASELINE,AERO-EUR,1790328978.732831,0.67746,0.62895,9.457,2026-09-25T09:40:00+00:00,1790329200,0.67434367,147.9225324994843,100,7.2895161636117365,2026-09-25T13:40:00+00:00,1790343600,0.69049881,HORIZON,1.8849818314225502,3.5599548224424016,-0.5507088099455326,3.5599548224424016,-0.5507088099455326,2846.50756652
B1222,BASELINE,CHILLGUY-EUR,1790333257.049015,0.0122019,0.011441,8.847,2026-09-25T10:50:00+00:00,1790333400,0.012165453299999998,8199.499104681658,100,6.51763285956234,2026-09-25T14:50:00+00:00,1790347800,0.0118911969,HORIZON,-2.741896310694557,0.5330397347380389,-3.3435112524742294,0.5330397347380389,-3.3435112524742294,40439.13108785
B1236,BASELINE,ENA-EUR,1790335311.763778,0.21078,0.19272,9.067,2026-09-25T11:25:00+00:00,1790335500,0.21182160999999997,470.918068469957,100,9.56208661168884,2026-09-25T15:25:00+00:00,1790349900,0.22175802,HORIZON,4.168783800006793,6.070386302889497,-3.0363332617479255,6.070386302889497,-3.0363332617479255,43177.50387818
B1240,BASELINE,SUI-EUR,1790336413.623576,0.99616,0.90229,6.867,2026-09-25T11:45:00+00:00,1790336700,0.99432333,100.32010758652974,100,9.798756235735254,2026-09-25T15:45:00+00:00,1790351100,0.96299604,HORIZON,-3.633653327643401,2.3671042697952283,-3.5695964209147113,2.3671042697952283,-3.5695964209147113,98709.63693289
B1262,BASELINE,USELESS-EUR,1790340186.453981,0.26353,0.248218,7.563,2026-09-25T12:45:00+00:00,1790340300,0.263580317,378.4448876028801,100,6.391710962794065,2026-09-25T16:45:00+00:00,1790354700,0.26177196599999997,HORIZON,-1.1814034051711957,3.7338459533000634,-3.648344121234204,3.7338459533000634,-3.648344121234204,3147.88415
B1295,BASELINE,WMTX-EUR,1790352837.545995,0.023091,0.020867,7.948,2026-09-25T16:15:00+00:00,1790352900,0.023048024999999996,4327.946687032686,100,10.004600125844235,2026-09-25T20:15:00+00:00,1790367300,0.022463514,HORIZON,-3.022161232076158,12.369714975578173,-5.696908954237923,12.369714975578173,-5.696908954237923,125673.6733
B1296,BASELINE,ZK-EUR,1790352837.545995,0.011571,0.010689,7.315,2026-09-25T16:15:00+00:00,1790352900,0.011529517999999999,8651.76006849519,100,7.844780752998986,2026-09-25T20:15:00+00:00,1790367300,0.01114884,HORIZON,-3.784053999763188,0.11693463681656802,-3.7600704556773223,0.11693463681656802,-3.7600704556773223,95997.58136605
B1314,BASELINE,SAGA-EUR,1790357277.647324,0.032259,0.029863,7.847,2026-09-25T17:30:00+00:00,1790357400,0.032151119,3102.5552622724117,100,7.672441201029812,2026-09-25T21:30:00+00:00,1790371800,0.032283684,HORIZON,-0.08849110445969188,2.910881577714286,-2.025183011515086,2.910881577714286,-2.025183011515086,53367.04526804
B1315,BASELINE,BEAM-EUR,1790357277.647324,0.0019707,0.0018175,6.71,2026-09-25T17:30:00+00:00,1790357400,0.0019554534999999995,51011.50369538143,100,7.610857178006583,2026-09-25T21:30:00+00:00,1790371800,0.0018409572,HORIZON,-6.324779976688049,-0.09990009990007431,-5.760990992626502,-0.09990009990007431,-5.760990992626502,1787900.293
B1333,BASELINE,EIGEN-EUR,1790364812.0782,0.22511,0.21352,7.709,2026-09-25T19:35:00+00:00,1790364900,0.22470447999999998,443.91915747027616,100,5.54589419766107,2026-09-25T23:35:00+00:00,1790379300,0.23109867,HORIZON,2.332654061704133,5.61427168697306,-0.5093267388349254,5.61427168697306,-0.5093267388349254,2674.21459509
B1342,BASELINE,RARE-EUR,1790371968.048104,0.014528,0.013373,6.719,2026-09-25T21:35:00+00:00,1790372100,0.014355340999999997,6948.676694019078,100,7.400350546251204,2026-09-26T00:35:00+00:00,1790382900,0.013359626999999999,STOP,-7.400350546251204,1.00770159343484,-9.051272275594135,1.00770159343484,-7.5535718726569945,321585.08046319
B1387,BASELINE,ARK-EUR,1790390513.848664,0.23085,0.20924,7.95,2026-09-26T02:45:00+00:00,1790390700,0.23169145999999996,430.53215444970016,100,10.230522709564426,2026-09-26T06:45:00+00:00,1790405100,0.24898077000000002,HORIZON,6.926241756333681,8.674700396812241,-4.415984948258334,8.674700396812241,-4.415984948258334,6334.18362534
B1411,BASELINE,ATH-EUR,1790401705.470763,0.0057324,0.0053703,7.672,2026-09-26T05:50:00+00:00,1790401800,0.005725619899999999,17421.803260359025,100,6.766917135290669,2026-09-26T09:50:00+00:00,1790416200,0.0057424518,HORIZON,-0.2062441720346726,0.5602904237495876,-1.9023250216103182,0.5602904237495876,-1.9023250216103182,23355.82312627
B1444,BASELINE,REZ-EUR,1790411410.599967,0.003921,0.0037252,8.469,2026-09-26T08:35:00+00:00,1790411700,0.003938434499999999,25327.48061225762,100,5.980058106109709,2026-09-26T12:35:00+00:00,1790426100,0.0039135825,HORIZON,-1.1266180690123377,0.9944433505242101,-4.398562423724439,0.9944433505242101,-4.398562423724439,623348.5089604
B1449,BASELINE,ACE-EUR,1790413197.983277,0.18689,0.17369,7.5,2026-09-26T09:00:00+00:00,1790413200,0.18659640999999996,534.5795422398348,100,7.473626102982067,2026-09-26T13:00:00+00:00,1790427600,0.19109870999999998,HORIZON,1.902067262136896,5.725506723307294,-0.8823374468994172,5.725506723307294,-0.8823374468994172,4440.50115057
B1454,BASELINE,SAGA-EUR,1790416275.391824,0.030635,0.028353,7.398,2026-09-26T09:55:00+00:00,1790416500,0.030625595,3257.0999336142377,100,7.974434651311654,2026-09-26T13:55:00+00:00,1790430900,0.029362608000000002,HORIZON,-4.602143803877965,0.9613037722205897,-6.078559453293875,0.9613037722205897,-6.078559453293875,259884.64848212
B1462,BASELINE,PHA-EUR,1790419272.583589,0.070089,0.065443,7.274,2026-09-26T10:45:00+00:00,1790419500,0.06977270299999999,1429.6511264784529,100,6.7665697335693835,2026-09-26T14:45:00+00:00,1790433900,0.072595332,HORIZON,3.5265331754500835,5.210199467261578,-0.4510402872022645,5.210199467261578,-0.4510402872022645,75469.11457751
B1466,BASELINE,PROM-EUR,1790421168.767737,5.7963,5.3541,7.823,2026-09-26T11:15:00+00:00,1790421300,5.807801999999999,17.175279639594553,100,8.363458962749249,2026-09-26T15:15:00+00:00,1790435700,5.5208736,HORIZON,-5.414508434982054,1.0020658417763117,-6.176209175175041,1.0020658417763117,-6.176209175175041,1920.98579417
B1474,BASELINE,TLM-EUR,1790423104.909711,0.0015113,0.001411,8.624,2026-09-26T11:50:00+00:00,1790423400,0.0014991976999999999,66536.00351801269,100,6.446052383705393,2026-09-26T15:50:00+00:00,1790437800,0.0014952033,HORIZON,-0.7638601011281736,1.6610417692076274,-2.741312903561677,1.6610417692076274,-2.741312903561677,1484870.6914
B1489,BASELINE,RARE-EUR,1790430483.830832,0.020683,0.019318,7.047,2026-09-26T13:50:00+00:00,1790430600,0.020692672,4820.577228566543,100,7.201789976929334,2026-09-26T15:05:00+00:00,1790435100,0.019298681999999998,STOP,-7.201789976929334,6.989566161392791,-9.257731432654037,6.989566161392791,-8.035076378729633,649387.57387737
B1496,BASELINE,KAS-EUR,1790433489.66755,0.042,0.039199,7.561,2026-09-26T14:40:00+00:00,1790433600,0.041891849999999994,2381.1462955538254,100,6.987897951939445,2026-09-26T18:40:00+00:00,1790448000,0.043109847,HORIZON,2.3942253547273395,5.032363096879244,-0.6823522952555172,5.032363096879244,-0.6823522952555172,1226626.23666033
B1501,BASELINE,ACE-EUR,1790434376.363426,0.19708,0.18067,8.733,2026-09-26T14:55:00+00:00,1790434500,0.1974973,505.07335260480284,100,9.06754986503661,2026-09-26T18:55:00+00:00,1790448900,0.18715266,HORIZON,-5.710493118480983,6.2647438724478866,-5.143007018323786,6.2647438724478866,-5.143007018323786,57788.45946348
B1515,BASELINE,HUMA-EUR,1790437559.582842,0.027347,0.024928,6.5,2026-09-26T15:50:00+00:00,1790437800,0.027041013999999995,3688.8640138049755,100,8.365613981340687,2026-09-26T16:20:00+00:00,1790439600,0.024903072,STOP,-8.365613981340687,5.339984661817798,-10.8243500040346,5.339984661817798,-9.848055254140975,491394.9348
B1551,BASELINE,LAPTOP-EUR,1790451064.414016,0.07273,0.06612,8.432,2026-09-26T19:35:00+00:00,1790451300,0.07290283,1368.2681926256705,100,9.846525553995846,2026-09-26T23:35:00+00:00,1790465700,0.07159833,HORIZON,-2.2791967098439727,5.3594215752666985,-5.668956884115472,5.3594215752666985,-5.668956884115472,43135.02484
